Month,Day,Year,Discharge (m3/s),Section Averaged SSC (mg/l),Sediment Flux (kg/s)
1,8,2005,1436.410673,48.31645515,78.39139139
1,8,2005,1380.707443,55.98949067,82.96846669
1,8,2005,1132.91636,49.8846953,74.57296592
1,8,2005,364.4275007,32.13070982,12.49468968
1,9,2005,795.3725266,19.18297361,9.964692329
1,9,2005,1107.894758,24.81421328,24.81739085
1,9,2005,1247.544801,35.21211777,48.40731182
1,9,2005,1348.348259,36.99713362,56.68254347
1,9,2005,1397.950313,38.23200952,59.63276461
1,9,2005,1464.199969,43.36719887,65.91907504
1,9,2005,1455.994654,43.34781654,80.51836094
1,9,2005,1437.430505,49.37996251,87.50345741
1,9,2005,1442.229017,60.72304099,109.7033189
1,9,2005,1047.951863,54.48219655,68.96415387
1,10,2005,319.3640097,19.1360669,3.929271831
1,10,2005,885.8438526,17.49004426,11.01986748
1,10,2005,1137.237499,22.69380598,26.95320661
1,10,2005,1293.722554,29.75060229,38.58327223
1,10,2005,1371.562044,36.08538456,49.12277232
1,10,2005,1454.957693,32.70233637,57.29042072
1,10,2005,1446.368032,35.88988844,61.93398003
1,10,2005,1548.308411,40.86396587,76.08563899
1,10,2005,1517.746514,51.95734735,88.27398823
1,10,2005,1493.073296,50.67000377,92.97876362
1,10,2005,889.1839475,50.7059404,52.1093946
1,10,2005,624.7142346,14.77189759,9.660443036
1,11,2005,950.2284732,14.41204844,14.44017348
1,11,2005,1031.038806,25.45012373,32.9769415
1,11,2005,1038.445264,24.80301647,31.63323383
1,11,2005,775.1939323,19.32240798,18.48251896
1,11,2005,411.3852637,14.06518083,4.441251665
1,11,2005,939.6863541,17.89244677,13.41431859
1,11,2005,1179.764226,27.01197788,30.24150382
1,11,2005,1263.371489,31.97724946,38.52892447
1,11,2005,1401.618362,32.0345749,52.32580421
7,11,2005,1359.243634,67.59204885,122.4426494
7,11,2005,2103.504062,127.8537789,350.5581644
7,12,2005,2302.043336,201.25205,601.4292268
7,12,2005,2410.104178,202.6506125,626.6792168
7,12,2005,2415.661514,204.0734509,631.2480986
7,12,2005,2422.07863,210.1637717,655.1382865
7,12,2005,2459.357076,192.1390808,594.0280321
7,12,2005,2385.247003,224.7257899,675.317226
7,12,2005,2109.613738,224.5641341,598.4412689
7,12,2005,1631.175065,210.1322666,441.5331769
7,12,2005,1401.366411,168.1887894,317.9717475
7,12,2005,1512.435627,135.4479602,272.9021652
7,12,2005,1716.521893,139.2407864,303.3730386
7,12,2005,1913.21448,178.9880966,429.2012079
7,12,2005,2056.634525,191.6065426,511.2643576
7,12,2005,2118.977741,167.9900777,454.4157856
7,12,2005,1995.612647,143.7981014,367.0617822
7,12,2005,2224.975398,222.2364046,634.8210976
7,12,2005,2230.383164,220.0536439,625.0270388
7,12,2005,2158.08932,206.2150368,567.2616029
7,12,2005,2002.897059,192.8622764,480.0790571
7,12,2005,15.53684625,212.9393064,2.206989002
7,13,2005,594.5227552,139.8808029,81.76894305
7,13,2005,2273.117801,135.2772801,382.5872977
7,13,2005,2363.526671,137.4362036,407.9349764
7,13,2005,2438.389581,141.6468631,432.0251411
7,13,2005,2331.680522,151.0227645,450.6550699
7,13,2005,2255.305985,139.7100044,430.9542929
7,13,2005,2137.854532,155.5223083,433.4673025
7,13,2005,1710.602862,153.9370121,339.9184644
7,13,2005,1338.57331,105.3844337,187.8601961
7,13,2005,1360.888388,87.48924915,156.8150493
7,13,2005,1555.951275,75.74433561,145.4180222
4,18,2005,955.2082104,84.96374413,89.26829501
4,18,2005,822.5770425,95.88892592,90.75365727
4,18,2005,225.3575941,93.45156072,24.88841565
4,18,2005,566.3191498,81.45814343,51.55412614
4,18,2005,722.7933413,81.17793879,69.59858565
4,18,2005,777.9689417,69.62526905,59.2091692
4,18,2005,710.8034394,70.18307797,56.55826664
4,18,2005,671.0705657,79.03484715,61.94798357
4,18,2005,487.6864713,93.08512013,57.64453953
4,18,2005,340.213951,93.56752076,40.40641816
4,18,2005,152.7332455,94.42811104,16.38084565
4,18,2005,212.820815,95.60796725,22.77388405
4,18,2005,491.2182956,95.76225994,51.26451449
4,18,2005,626.2568073,92.1073842,63.62909727
4,19,2005,646.7367269,83.5246557,60.47380076
4,19,2005,670.907605,92.88056356,65.15834965
4,19,2005,715.1952696,88.46934648,70.33598963
4,19,2005,683.2149187,96.99621998,66.52910261
4,19,2005,758.516096,96.54683549,84.26536231
4,19,2005,812.9174689,96.06377854,92.77292028
4,19,2005,864.1885906,97.10916598,96.52643534
4,19,2005,938.8506684,84.15914926,87.45915732
4,19,2005,904.7123676,79.87847869,80.35024372
4,19,2005,927.6080093,87.47235758,86.99294869
4,19,2005,895.5717488,83.35878631,83.53458714
4,19,2005,877.4830367,87.95370242,91.41187026
4,19,2005,811.4444598,93.71180579,87.95553691
4,19,2005,74.2277643,87.77319423,4.665054817
4,19,2005,735.9758062,83.65777906,67.88142113
4,19,2005,837.4808647,78.7668048,70.66005429
4,19,2005,858.4753878,77.3922967,78.01087773
4,19,2005,776.9902279,81.88368587,70.54880168
4,19,2005,676.3892031,98.71170967,81.01444366
4,19,2005,461.9405068,93.82705476,56.48299831
4,19,2005,191.9250999,97.92648044,23.72745163
4,19,2005,302.5623888,99.52243788,35.04688427
4,19,2005,646.8872639,94.49054036,68.67293161
4,19,2005,715.9685502,87.0825838,69.52201683
4,20,2005,746.7284463,85.53716327,74.6804795
4,20,2005,692.4286358,93.59411692,76.56430208
4,20,2005,584.6037347,94.4688276,65.35866775
4,20,2005,434.357992,97.32000282,50.64867779
4,20,2005,316.8422102,106.6175441,39.22595369
4,20,2005,303.806121,96.9932353,34.00709945
4,20,2005,505.5022464,97.44145933,56.75665807
4,20,2005,719.4162593,111.6350498,95.63593089
4,20,2005,826.6956729,96.79208366,83.9989702
4,20,2005,871.6253003,94.08293955,82.78575515
4,20,2005,929.997888,82.21967868,79.45844753
4,20,2005,914.847842,89.12829097,92.00499918
4,20,2005,895.1017033,93.67222959,91.08144914
4,20,2005,755.6524727,79.89178337,70.05419135
4,20,2005,236.693109,84.33954379,23.90734616
4,20,2005,819.0696496,82.58267855,74.89988788
4,20,2005,884.5970429,78.27660633,77.08560524
4,20,2005,875.4018695,91.31765756,89.89884828
4,20,2005,765.0256687,111.5014511,106.3339489
4,20,2005,564.3556029,106.8996631,75.66213484
4,20,2005,318.2986764,108.8261482,40.60081158
4,20,2005,326.3682382,108.9862127,42.49502282
4,20,2005,714.9722582,103.2158931,86.49607315
4,20,2005,851.2980284,92.60519746,84.99546773
4,21,2005,854.7097149,90.90487222,90.12463222
4,21,2005,808.0684019,96.04991974,90.62864632
4,21,2005,679.9391704,100.7292943,83.32768188
4,21,2005,194.4644589,106.8592215,22.76760922
4,21,2005,369.4810438,110.1616434,45.84001943
4,21,2005,422.1139518,90.44241824,43.88484868
4,21,2005,275.5132114,83.41290053,27.30955168
4,21,2005,167.2042008,80.65914973,15.39659792
4,21,2005,643.002989,88.94779413,63.4981572
4,21,2005,855.6918052,107.5226023,101.4625568
4,21,2005,929.8846731,102.4920414,102.9490742
4,21,2005,964.437971,92.70489674,100.1341428
4,21,2005,1003.836148,96.04594791,111.223622
4,21,2005,941.136039,91.2196876,102.3421397
4,21,2005,766.6166905,81.37770572,69.07342974
4,21,2005,492.9952947,79.68834016,45.8833254
4,21,2005,890.3900599,83.62902516,79.98408242
4,21,2005,848.3089399,92.60029402,87.41654576
4,21,2005,783.4713673,107.9954665,104.3126738
4,21,2005,645.1024037,112.7513044,92.88286259
4,21,2005,361.972686,113.3270424,51.90189883
4,21,2005,337.0755057,113.3631494,42.49024367
4,21,2005,755.9576083,107.3301629,93.79068047
4,21,2005,958.5742122,94.80398938,102.6844964
4,22,2005,913.8599893,87.52561273,89.90632521
4,22,2005,919.6134645,85.54228782,87.49686913
4,22,2005,889.2627288,83.85960801,87.32118132
4,22,2005,541.2267799,88.17400502,57.12330447
4,22,2005,394.7057493,95.05554386,44.48530249
4,22,2005,654.6618977,81.28608158,58.87898297
4,22,2005,592.8637744,72.00149065,47.69606845
4,22,2005,418.8291349,67.31788949,32.37038094
4,22,2005,206.871497,66.55089711,15.28449363
4,22,2005,755.5005426,78.7421914,61.62680093
4,22,2005,924.5285679,83.59524846,82.29381041
4,22,2005,996.1117417,70.91973715,74.01931199
4,22,2005,997.4456058,73.90510716,80.92734586
4,22,2005,1004.654556,78.78836239,88.4540865
4,22,2005,949.6821194,80.74118842,87.6903711
4,22,2005,684.2450624,76.89479426,58.72720989
4,22,2005,655.5165105,79.63864128,54.99753677
4,22,2005,852.176087,78.35419642,71.24915937
4,22,2005,850.7478935,98.3897748,101.177081
4,22,2005,677.9627505,101.6270181,89.52056929
4,22,2005,405.9112263,96.80273712,52.09967219
4,22,2005,286.9608646,92.78353641,28.88906448
4,22,2005,803.6438363,88.05618386,83.40743843
4,22,2005,944.991795,85.12183709,90.81821361
4,23,2005,954.3298305,77.79276588,77.00706055
4,23,2005,940.1729952,74.45367696,73.21829651
4,23,2005,986.9789098,70.70121085,78.02562652
4,23,2005,730.5534433,77.81922055,70.95880406
4,23,2005,130.4662322,68.82766837,11.75286119
4,23,2005,701.2957985,63.87576128,48.87176533
4,23,2005,741.9350132,61.00546839,50.43344314
4,23,2005,688.8610634,64.13860907,47.32491503
4,23,2005,435.9972314,61.84755265,31.35966031
4,23,2005,302.6396316,62.93061278,19.89549899
4,23,2005,778.0740131,66.09776749,52.61707547
4,23,2005,975.2582631,64.90380507,66.87119839
4,23,2005,996.7394827,64.17010708,72.68378155
4,23,2005,945.6638657,69.98569113,69.08091684
4,23,2005,981.4754213,65.62059314,70.84814624
4,23,2005,946.5638215,70.67068523,76.19537778
4,23,2005,59.97494467,65.22915402,5.734832791
4,23,2005,859.7341168,73.97779505,68.27625292
4,23,2005,840.3390709,87.07233589,87.81500224
4,23,2005,711.6200112,90.74342134,83.69043816
4,23,2005,551.0443118,82.89750717,59.97328991
4,23,2005,707.5523531,72.78025765,61.23544269
4,24,2005,978.3597911,75.63043357,81.29125899
4,24,2005,973.8444062,74.17406879,76.98492694
4,24,2005,991.583101,67.97849634,68.07650611
4,24,2005,960.11878,66.77390208,68.5797911
4,24,2005,1002.062885,65.98504559,75.44348147
4,24,2005,879.9745246,69.43160241,68.29856905
4,24,2005,385.2725124,61.70264087,27.67555017
4,24,2005,834.0365435,65.03805993,58.58963937
4,24,2005,798.0921519,56.07635858,48.45731904
4,24,2005,627.7824182,60.29158281,41.75153889
4,24,2005,297.5816201,50.56196344,17.56680233
4,24,2005,401.9291188,55.44689081,24.14472611
4,24,2005,873.8964812,64.08508802,54.5921322
4,24,2005,975.8289363,74.68024303,80.17039924
4,24,2005,1003.008505,53.03094048,56.73825634
4,24,2005,956.5173519,60.45081667,61.38810649
4,24,2005,921.8183852,66.86692068,65.43338567
4,24,2005,685.1201067,66.05271109,52.1449567
4,24,2005,606.5499816,69.46503833,47.0708758
4,24,2005,817.5372571,90.01436358,87.78259752
4,24,2005,787.6747972,97.14496482,95.50006138
4,24,2005,594.9413471,83.15939116,63.59306095
4,24,2005,265.2086185,84.63530063,31.894954
4,24,2005,513.8972927,84.362929,51.55946381
4,24,2005,891.2103844,77.24106252,80.25256389
4,25,2005,984.9473093,78.96916517,81.27922059
4,25,2005,941.0036775,75.56716599,77.62331922
4,25,2005,996.404592,75.00137881,81.60425712
4,25,2005,973.2502007,74.73378986,83.99729008
4,25,2005,993.5859619,78.94422551,85.03996281
4,25,2005,688.1445998,67.07035242,52.11603157
4,25,2005,702.1608638,73.49304044,54.30676447
4,25,2005,826.7034237,69.24623975,64.34557284
4,25,2005,810.8975929,65.10120479,58.08082886
4,25,2005,640.6919046,62.05212698,44.14634186
4,25,2005,287.2368514,58.41934603,16.54401203
4,25,2005,529.5908571,66.36947518,32.92326705
4,25,2005,939.1864751,64.20378563,60.79737509
4,25,2005,998.7734624,65.93130895,67.26316145
7,31,2005,3100.81609,167.3120371,671.4901965
7,31,2005,2843.768835,126.4064864,493.6617738
8,2,2005,3410.441224,174.7052386,781.6581045
8,2,2005,3382.567526,167.1296588,747.4540768
8,3,2005,3329.236847,170.2442688,724.5880868
8,3,2005,3410.658405,165.5783503,721.6700891
8,5,2005,3688.236021,155.5662028,689.5241932
8,5,2005,3537.236812,161.4451912,742.5380263
8,8,2005,3593.674818,148.0297238,687.3859978
8,8,2005,3539.445779,145.0865503,660.4383435
8,9,2005,4001.353025,156.7782711,765.6608306
8,9,2005,3958.754881,161.8719357,795.7156704
8,10,2005,3785.861621,251.1497369,1234.840206
8,20,2005,4904.04579,227.5431903,1349.628915
8,22,2005,4970.202812,255.5958446,1516.810963
8,24,2005,4757.382406,248.8061105,1415.172138
8,25,2005,5027.624566,232.6426914,1365.510404
8,26,2005,4771.031007,219.5690347,1222.178232
8,28,2005,5051.676821,231.8381791,1388.519135
8,31,2005,5053.590721,197.3782245,1232.698919
9,2,2005,5341.267863,218.7871422,1418.060561
9,6,2005,5233.670657,189.7453226,1253.480865
9,7,2005,5046.864021,184.5873901,1204.109335
9,9,2005,5217.144969,196.5911408,1221.733338
9,10,2005,5089.273084,215.3488599,1417.932548
9,12,2005,5188.527594,197.9182607,1253.747682
9,13,2005,5297.032884,239.5757083,1539.796258
9,14,2005,4997.40714,242.2902322,1500.181675
9,16,2005,5046.430492,188.1750895,1212.344283
9,17,2005,5131.124466,228.6218485,1276.103138
9,18,2005,5234.45328,198.9766869,1238.465281
9,19,2005,5013.570739,191.6318085,1192.090306
9,20,2005,5545.461421,214.7418428,1353.824104
9,21,2005,5293.492785,204.6148675,1214.404777
9,22,2005,5214.234014,168.7814665,1065.86148
9,23,2005,5089.290898,205.7080605,1265.635651
9,24,2005,5198.188634,191.855408,1256.242847
9,25,2005,5184.369543,187.454324,1290.621312
9,26,2005,5577.368414,178.8928821,1234.006596
9,27,2005,5145.637251,162.5468085,1003.759917
9,29,2005,4991.056851,153.7315531,967.1223668
9,29,2005,5093.733649,139.7710647,835.662288
9,30,2005,5037.112055,114.6111541,677.3291702
10,3,2005,5338.842734,155.6987438,919.4000629
10,3,2005,5326.033677,134.5410561,777.7538749
10,4,2005,5316.031391,136.4953224,867.980057
10,7,2005,4923.451956,123.9827061,711.6181258
10,7,2005,4996.49828,144.9254533,833.7981917
10,9,2005,5136.55773,137.3202323,829.9868518
10,12,2005,5013.165792,127.4582379,721.4131122
10,14,2005,4973.071982,151.9182117,898.0325997
10,21,2005,4875.466637,96.51753176,514.166634
10,22,2005,4604.897869,97.41232993,524.5536483
10,25,2005,4677.397183,113.0535584,659.1065614
10,27,2005,4776.221852,117.6292943,715.2775888
10,30,2005,4351.813193,107.6803801,583.3810042
10,31,2005,4173.449287,107.1121163,534.1183475
11,4,2005,3808.965071,92.0545328,440.7033402
11,5,2005,3575.361587,83.63071583,362.0278393
11,11,2005,3583.964644,96.7417659,454.2338708
11,14,2005,3526.918814,101.1702952,447.0832831
11,17,2005,3418.34193,79.86415984,320.4327674
1,2,2006,1594.662838,34.53082211,70.42947662
1,2,2006,1722.015547,41.10525512,90.38614845
1,2,2006,1847.107521,47.28883805,106.3297375
1,2,2006,1901.107594,51.11641282,120.7555154
1,2,2006,1947.443418,58.47208432,135.9580617
1,2,2006,2077.518332,69.25267642,185.5037347
1,2,2006,2011.006176,76.76935452,200.4892893
1,2,2006,1968.918086,78.55741437,206.6352033
1,2,2006,1389.816724,73.27673162,137.8664464
1,2,2006,527.6042873,35.55314934,22.71938855
1,2,2006,236.9167827,18.67971392,4.994720375
1,3,2006,1565.627947,35.49359387,70.77870971
1,3,2006,1363.259762,35.74460794,61.59729827
1,3,2006,868.4297923,32.98986164,35.37341983
1,3,2006,359.836614,25.30859952,10.74365932
1,3,2006,304.8264643,18.97971284,5.786817742
1,3,2006,659.203077,14.94284202,9.912012859
1,3,2006,1144.891615,16.48363265,18.80930654
1,3,2006,1454.581938,26.14872071,43.70349526
1,3,2006,1666.747876,34.72557268,70.15740738
1,3,2006,1762.832907,40.90769236,88.93270531
1,3,2006,1864.605868,50.33454656,117.5916222
1,3,2006,1956.470199,46.11807202,109.8846702
1,3,2006,1986.742045,52.87414665,128.1638473
1,3,2006,1992.808347,65.57767502,164.5756322
1,3,2006,2030.54105,70.85427695,178.7392076
1,3,2006,1840.865299,75.50303053,182.8797233
1,3,2006,1161.272178,61.12490443,88.83559292
1,3,2006,424.7336529,27.49026055,11.33721338
1,4,2006,1613.356138,31.09722944,61.25743826
1,4,2006,1575.748294,31.7447794,63.10333034
1,4,2006,1423.439458,32.60313769,55.35308693
1,4,2006,980.9707325,30.80497368,35.78682965
1,4,2006,495.3455833,23.42008405,12.19832385
1,4,2006,379.5178337,14.27691793,5.755603707
1,4,2006,958.9866441,15.70590644,13.2566933
4,20,2006,973.5319591,60.48396723,61.23293548
4,20,2006,1045.620222,58.56923672,61.27762456
4,20,2006,1077.153137,64.65623795,75.29143118
4,20,2006,1213.881929,63.89028715,86.92422343
4,20,2006,1227.564382,75.00326717,102.5047226
4,20,2006,1182.330797,80.62771278,108.9819237
4,20,2006,1214.844646,91.20096278,111.1419849
4,20,2006,706.9787157,101.390363,83.80869196
4,20,2006,331.8168171,58.3183657,22.73337032
4,20,2006,692.3761987,55.12337787,35.9967275
4,20,2006,713.2373078,52.25025615,39.67483283
4,20,2006,609.4610269,60.63288235,38.5521295
4,20,2006,483.8100823,55.08554967,26.9411466
4,20,2006,176.4983047,51.57342869,10.32088737
4,20,2006,50.48046184,46.89269365,0.113335104
4,20,2006,207.5639592,43.35532544,7.619593318
4,20,2006,147.8235555,53.23617868,7.074905692
4,20,2006,73.3916409,56.70047272,4.383616722
4,20,2006,290.535402,60.7409471,23.61641339
4,20,2006,402.0925768,58.93966771,30.40490106
4,20,2006,370.7089438,53.66986378,22.94135403
4,21,2006,320.8713186,64.19161099,22.89470795
4,21,2006,673.9069243,50.38307534,35.47680166
4,21,2006,931.2041679,57.84298786,55.92633212
4,21,2006,1026.597942,62.04954362,63.90942647
4,21,2006,1057.300704,67.20141667,70.59637841
4,21,2006,1153.872652,67.75497293,84.65613315
4,21,2006,1184.335843,69.31084182,87.31533251
4,21,2006,1186.336289,76.16815157,95.09908305
4,21,2006,1206.726879,90.82992881,112.4191077
4,21,2006,1109.241593,82.05571964,98.36053011
4,21,2006,784.9089926,100.8157802,98.20721113
4,21,2006,199.4807075,59.5112142,13.3622701
4,21,2006,662.4923862,54.88760642,36.50307298
4,21,2006,686.3177882,51.7076977,34.46983551
4,21,2006,683.9413737,48.1287958,33.13954999
4,21,2006,538.1003037,46.08666562,25.80817674
4,21,2006,342.6082496,51.57260616,20.66637467
4,21,2006,134.1685342,56.80280434,8.405872076
4,21,2006,97.10543132,73.93869658,2.23175371
4,21,2006,218.1119103,73.22362676,13.36451733
4,21,2006,162.1913463,82.52902157,8.984744696
4,21,2006,135.1348064,76.78744336,4.028162712
4,21,2006,118.7012939,71.06922258,4.550377137
4,21,2006,80.46926578,65.23073709,0.48617752
4,22,2006,237.3555481,61.50636506,16.3287118
4,22,2006,544.6569401,57.9061336,32.15317442
4,22,2006,765.8486311,66.94483817,51.85471124
4,22,2006,977.624159,67.59420548,67.2427179
4,22,2006,1000.537613,68.54273621,70.84894238
4,22,2006,1095.16286,72.82978175,90.95549761
4,22,2006,1129.192719,95.10095051,108.1572466
4,22,2006,1199.290987,82.35504536,109.8136648
4,22,2006,1185.623901,78.41797281,98.06778625
4,22,2006,1197.763754,87.94361192,117.6443027
4,22,2006,1188.277462,101.2633184,130.539708
4,22,2006,950.0033214,99.00908586,98.36373822
4,22,2006,634.8927567,68.90034836,42.8317054
4,22,2006,817.1057208,56.41153886,44.71112958
4,22,2006,776.525931,60.76219556,47.5498644
4,22,2006,666.1218509,52.88675035,35.02798443
4,22,2006,474.8653998,74.21357224,34.74875827
4,22,2006,220.0532724,71.25403797,20.86127937
4,22,2006,226.9575609,83.91463336,15.86922669
4,22,2006,492.4315819,73.10788638,39.40723933
4,22,2006,587.3457371,70.69116605,44.03953596
4,22,2006,602.8535977,74.73866064,51.51496905
4,22,2006,572.5753995,80.56505626,46.40735155
4,23,2006,453.2070863,85.81931533,38.02841161
4,23,2006,499.2096505,75.09420319,37.75455865
4,23,2006,523.9097192,75.65887613,42.92657915
4,23,2006,638.8901658,73.87739253,47.56980622
4,23,2006,717.8722569,92.95104049,60.12289497
4,23,2006,901.7026018,86.32764498,72.50338951
4,23,2006,978.6568371,80.9977501,76.51813137
4,23,2006,1088.795549,71.90958431,79.01732754
4,23,2006,1070.366954,84.38998604,86.29992116
4,23,2006,1104.767293,94.14308526,105.5036501
4,23,2006,1125.232879,101.8599951,117.2281756
4,23,2006,1095.78681,112.3266198,128.0195365
4,23,2006,816.1673654,87.08508142,75.645202
4,23,2006,217.1567726,79.85135527,17.86509376
4,23,2006,800.851964,74.36415623,62.16386217
4,23,2006,890.0907502,71.16716531,65.17604977
4,23,2006,868.6128869,70.29779608,66.60288233
4,23,2006,795.3456521,86.36957241,77.99425541
4,23,2006,518.5610794,83.66349702,56.62657604
4,23,2006,248.1107031,75.1708228,24.03087809
4,23,2006,323.8969804,75.66702954,28.84447833
4,23,2006,745.9914242,75.08979235,63.91579183
4,23,2006,825.766973,81.42969626,76.33436189
4,23,2006,881.9978406,81.72432189,80.86181655
4,24,2006,754.9021014,91.55360041,77.91200515
4,24,2006,507.7317645,111.5601308,60.03058933
4,24,2006,181.113808,108.8445558,24.13877665
4,24,2006,39.08093868,96.55716516,0.151453524
4,24,2006,485.9394171,80.96948674,41.6199664
4,24,2006,812.2275524,121.8791904,91.57588502
4,24,2006,982.9058766,106.9498048,109.817023
4,24,2006,1056.667483,114.2496847,119.0241359
4,24,2006,1060.914349,103.463545,108.7498101
4,24,2006,1101.144427,92.36626622,107.4281268
4,24,2006,1073.643607,90.84684884,98.29168759
4,24,2006,1061.495884,84.13057783,83.05423083
4,24,2006,1034.813321,89.46700146,76.83626125
4,24,2006,253.1626153,59.7606036,17.9583439
4,24,2006,912.5479304,63.3642351,56.16634229
4,24,2006,910.9979746,60.10134305,54.24581585
4,24,2006,848.1330556,66.45315159,59.29221143
4,24,2006,730.467607,85.08646757,69.91943614
4,24,2006,432.1072362,82.9487065,39.06784222
4,24,2006,239.1848506,84.13694823,23.37454454
4,24,2006,799.0554988,77.11140129,67.1136745
4,24,2006,955.4850031,77.69005691,73.28202567
4,25,2006,1006.08565,68.19086008,73.073291
4,25,2006,989.9441204,79.13385314,92.63699599
4,25,2006,880.3667935,83.50854496,83.00242808
4,25,2006,306.7983935,88.9561055,29.88693532
4,25,2006,457.6587777,86.50834053,46.13490529
4,25,2006,672.7833276,95.58718664,67.70284945
4,25,2006,577.0157319,67.95017286,40.34325518
4,25,2006,254.4121805,73.22206059,21.07431803
8,20,2006,4138.217522,225.4047068,1137.108993
8,20,2006,4485.766408,199.0125973,1112.064371
8,21,2006,4379.866325,211.9968811,1108.188177
8,21,2006,4240.195076,204.1150692,1043.561168
8,22,2006,4511.763208,211.6934364,1115.687554
8,22,2006,4733.560153,218.5417752,1179.679259
8,23,2006,4544.269493,209.2352359,1099.175915
8,23,2006,4416.538998,199.2590793,1022.195236
8,24,2006,4875.178683,210.9978911,1201.233673
8,24,2006,4755.917637,212.1762647,1176.532194
8,25,2006,4541.012253,196.2039151,1074.226866
8,25,2006,4519.926845,202.3492992,1123.241425
8,27,2006,4840.55585,161.4788758,956.8929468
8,27,2006,4914.897378,177.3625181,1031.721744
8,28,2006,4551.23431,186.0417764,959.5903899
8,28,2006,4681.799243,190.3418191,1067.354429
8,29,2006,5009.630955,205.7963646,1206.413349
8,29,2006,4842.282163,215.1296703,1174.935386
8,30,2006,5047.137984,207.8452135,1314.513543
8,30,2006,4991.422197,217.4839988,1243.697258
8,31,2006,4928.400291,250.8860029,1411.371508
8,31,2006,4413.782181,263.3003823,1419.18599
9,1,2006,5147.09525,228.1797761,1419.288257
9,1,2006,4820.004773,268.3492865,1428.41382
9,2,2006,5132.420009,208.5794967,1173.012912
9,3,2006,4511.058775,199.5541597,1180.512662
9,3,2006,5068.643159,230.3753175,1524.333804
9,5,2006,4997.006405,185.5758223,1100.878593
9,5,2006,5083.206888,214.2696919,1240.656167
9,5,2006,4953.480238,194.226707,1100.273685
9,5,2006,4682.601004,198.5806111,1057.460639
9,7,2006,5016.002778,205.476224,1194.471012
9,7,2006,4906.692939,207.318884,1129.170491
9,8,2006,4581.16387,187.4346961,1009.023509
9,8,2006,4655.27796,179.007797,959.7340012
9,9,2006,5021.342686,185.3072593,1094.831522
9,9,2006,4940.752654,163.4363803,930.2292198
9,10,2006,4678.171695,177.8230384,947.7701107
9,10,2006,4690.801037,176.7110019,942.5836898
9,11,2006,4833.015013,171.680012,1003.198529
9,14,2006,4645.199285,178.9858248,1018.595812
9,14,2006,4799.352152,160.882868,888.5753212
9,15,2006,4750.045627,168.0457106,880.4984482
9,15,2006,4732.22834,165.5696263,879.0760223
9,16,2006,4845.524379,165.1381508,900.4166765
9,17,2006,4825.956721,149.9035488,866.0074207
9,17,2006,4851.573903,150.1156613,849.9168581
9,20,2006,4803.769915,167.6478463,911.8274829
9,20,2006,4848.762092,151.2491522,853.8580092
9,21,2006,4839.494157,182.7874494,1011.793181
9,21,2006,4980.033883,141.3394697,784.7135125
9,22,2006,4636.277368,147.893171,795.5206675
9,24,2006,4882.532142,177.552031,988.0036845
9,24,2006,4810.29594,153.0515859,838.6939541
9,26,2006,4717.355525,123.8034178,649.1408243
9,26,2006,4731.160469,164.0908614,891.4679115
9,27,2006,4840.620093,143.7801406,779.1062371
9,27,2006,4478.523893,157.915814,805.749795
9,28,2006,4812.277071,153.9571821,882.7723871
9,28,2006,4782.173338,133.9699927,730.0138242
9,29,2006,4647.495188,127.7982264,671.2437366
9,29,2006,4468.501547,163.404641,893.716733
1,8,2007,1079.911728,12.5454158,16.22433373
1,9,2007,1383.521701,23.4849552,41.64338765
1,9,2007,1425.202508,21.11692813,38.44935439
1,9,2007,1424.360892,24.84297112,42.60430012
1,9,2007,1298.09621,23.83143621,38.05304576
1,9,2007,992.8141448,23.21503852,28.77050324
1,9,2007,669.7882949,18.03021194,15.35751719
1,9,2007,678.5190892,14.55774001,11.8677153
1,9,2007,972.8948859,14.24873939,16.59981679
1,9,2007,1303.099222,15.24293773,22.42233552
1,9,2007,1498.229406,16.35720541,29.79710083
1,9,2007,1578.189275,19.83038901,38.67500636
1,9,2007,1612.397045,26.17889037,53.91624341
1,9,2007,1676.459305,34.75178947,75.64616698
1,9,2007,1716.625589,39.71441852,90.810248
1,9,2007,1807.711152,48.5807806,107.7524378
1,9,2007,1698.90967,50.1918435,105.2481265
1,9,2007,1335.949247,42.5082209,76.18012803
1,9,2007,458.6440738,31.68375323,19.57554159
1,9,2007,117.4894602,16.91626504,2.509036454
1,9,2007,143.411703,16.58337593,2.866487448
1,10,2007,52.5275616,14.44603265,0.781280818
1,10,2007,440.7313946,12.07059006,6.012335425
1,10,2007,939.7548427,11.33050855,12.14043348
1,10,2007,1263.542115,16.09625161,26.02546311
1,10,2007,1404.074834,19.08033777,34.76087291
1,10,2007,1435.839848,18.93052611,33.89152973
1,10,2007,1453.972693,18.23792974,33.38469061
1,10,2007,1428.827279,18.97171054,32.8432849
1,10,2007,1348.575634,19.02902563,34.22134505
1,10,2007,1187.460178,22.96252837,36.98849325
1,10,2007,1017.03734,18.23156286,23.0217838
1,10,2007,996.3226652,17.96108472,22.44165348
1,10,2007,1242.191148,18.11715298,26.69431238
1,10,2007,1411.03813,19.23655713,33.25942936
4,26,2007,604.9752444,79.68782089,56.72465898
4,26,2007,727.6830043,85.65253815,69.07724434
4,26,2007,827.8253775,91.12198804,84.81659808
4,26,2007,1002.513152,81.90267571,93.62847481
4,26,2007,1003.246645,85.47094486,93.35446826
4,26,2007,1082.602991,73.77209603,92.11757049
4,26,2007,1075.211673,90.00252283,111.396026
4,26,2007,1064.615993,96.96360992,126.9198641
4,26,2007,1083.361435,97.64540628,125.1907084
4,26,2007,1021.970392,103.9548853,127.6358501
4,26,2007,427.7036528,101.3424495,47.24207051
4,26,2007,755.2499305,92.99350888,80.76995651
4,26,2007,986.4608315,93.13786795,106.2595275
4,26,2007,987.8832243,90.91360778,108.0499542
4,26,2007,1032.969291,90.84182887,114.9164601
4,26,2007,893.0925997,93.77772932,100.6896221
4,26,2007,633.8283935,108.1195376,87.97960425
4,26,2007,270.5513106,100.2592155,33.18301753
4,26,2007,277.8847198,98.00832319,32.03093851
4,26,2007,659.4448154,98.12701296,74.33320817
4,26,2007,886.0717407,103.9087829,110.6346638
4,27,2007,897.7662892,104.1969699,107.0087172
4,27,2007,761.1940312,95.99241592,84.14436236
4,27,2007,473.360652,106.2195267,55.01351268
4,27,2007,437.1092188,104.7319321,51.22967603
4,27,2007,175.5041665,103.6364296,21.77674256
4,27,2007,54.47323492,100.2535536,6.322560436
4,27,2007,252.0568223,91.23420997,27.24134022
4,27,2007,653.6403326,95.67368763,69.75049008
4,27,2007,940.7923289,94.94428253,101.7732957
4,27,2007,1051.938957,92.47115898,110.6396361
4,27,2007,1082.040167,95.08011078,118.7659114
4,27,2007,1116.873869,91.46039408,122.0913456
4,27,2007,1112.747504,93.11195308,121.3245363
4,27,2007,1049.811395,85.52818014,107.9389641
4,27,2007,324.2275434,95.28835423,37.30125853
4,27,2007,830.9694861,81.67757602,81.15612048
4,27,2007,963.9147299,73.50098642,84.13092656
4,27,2007,1043.145979,85.52899164,103.8089542
4,27,2007,927.348451,90.17438374,98.40098713
4,27,2007,488.2443043,115.5439657,70.83201882
4,27,2007,151.6978032,116.1308309,21.1147204
4,27,2007,800.1287596,108.8009513,103.1260823
4,27,2007,946.3017531,89.8592724,96.97095487
4,27,2007,985.2721272,92.79429878,106.0493077
4,28,2007,968.8818638,105.7314019,120.6727148
4,28,2007,810.5254612,111.8943412,107.0759354
4,28,2007,468.4890482,113.754498,64.9927912
4,28,2007,114.6034195,113.9979997,14.79940937
4,28,2007,540.9056955,106.1961486,68.09108857
4,28,2007,436.1175076,84.84717198,44.8975983
4,28,2007,102.0590369,84.76347369,10.29356223
4,28,2007,689.4311668,93.32100932,75.6584956
4,28,2007,969.8419795,90.65394568,98.33848557
4,28,2007,1046.091832,81.44105042,97.00486578
4,28,2007,1079.729331,82.50882919,97.92856295
4,28,2007,1118.529917,86.89670887,111.7852574
4,28,2007,1057.837349,81.35160145,99.3369005
4,28,2007,885.2371931,79.64313066,80.49724337
4,28,2007,428.4672813,71.32805652,37.0778353
4,28,2007,944.2864748,80.96838226,82.82025525
4,28,2007,1113.264503,85.59906897,106.3141722
4,28,2007,1059.860976,89.5255732,111.5548519
4,28,2007,871.7173712,100.3314776,104.0573052
4,28,2007,464.7188253,99.003565,61.4992916
4,28,2007,119.5249254,100.4769574,11.70680433
4,28,2007,783.7811303,90.44347054,83.50329357
4,28,2007,1051.192159,98.66863041,120.6668521
4,29,2007,1089.12944,89.11654467,113.6990664
4,29,2007,1082.693212,84.05449517,106.2756725
4,29,2007,1115.898328,85.01013241,111.0988667
4,29,2007,1010.402129,86.47463962,108.4091998
4,29,2007,474.2264715,87.49917606,48.42087854
4,29,2007,518.5083117,87.49486597,51.03742929
4,29,2007,695.6906016,70.66555872,57.33250675
4,29,2007,633.2534459,80.05276383,47.51735783
4,29,2007,169.1301024,59.79058894,12.00907947
4,29,2007,536.4542881,60.93377989,38.52444022
4,29,2007,995.5516665,66.40174988,71.90662418
4,29,2007,1111.751528,60.60156273,77.78441831
4,29,2007,1127.970215,68.04789913,82.01469937
4,29,2007,1142.371909,73.82296119,92.1354535
4,29,2007,795.7546649,73.68555042,66.46561597
4,29,2007,482.7025555,65.42459052,38.45028484
4,29,2007,944.500529,67.08080733,73.36425252
4,29,2007,962.5648096,73.32356292,83.08419994
4,29,2007,812.0685568,81.60118196,81.05165991
4,29,2007,642.021578,94.16874092,77.40610682
4,29,2007,165.0302948,85.91091793,17.11455635
4,29,2007,661.8589665,84.73698136,67.05072772
4,29,2007,999.5464649,78.11764191,89.39123049
4,30,2007,1077.55662,71.7415963,83.77126443
4,30,2007,1112.729644,70.46697222,84.58442113
4,30,2007,821.5604099,78.55061613,79.29853855
4,30,2007,350.6866173,74.94085422,32.28059216
4,30,2007,828.6117948,59.39426625,56.36656905
4,30,2007,768.9605151,56.41438038,47.62363554
4,30,2007,626.4761572,50.48562636,34.65375537
4,30,2007,182.3492169,44.55058975,9.356802545
4,30,2007,592.3446134,48.15541254,30.99273731
4,30,2007,1035.607196,47.89334492,54.54712845
4,30,2007,1124.078094,64.55238332,78.4529949
4,30,2007,1144.425061,62.68103814,83.14565857
4,30,2007,1059.587705,67.51290868,83.34750152
4,30,2007,1055.275142,76.88894202,90.46751068
4,30,2007,355.9885582,71.24094148,27.90337072
4,30,2007,794.5406704,71.69535685,66.78386908
4,30,2007,991.6070647,73.67571849,85.86646869
4,30,2007,909.0170253,90.42075988,102.7462798
4,30,2007,745.5950912,84.86909896,78.15100149
4,30,2007,315.5124842,87.93878345,36.3945344
4,30,2007,453.7081497,87.35365668,47.52028523
4,30,2007,1024.932549,78.87648561,92.90190946
4,30,2007,1055.4648,79.93608495,93.96733983
5,1,2007,1132.946651,72.87124683,87.70645898
5,1,2007,1097.770491,78.72094777,95.82916765
5,1,2007,1127.700462,80.68964664,103.3105389
5,1,2007,0.255360278,85.84529877,0.004196652
5,1,2007,348.4645848,92.71765734,38.60056284
5,1,2007,761.166245,80.01489506,72.63667776
5,1,2007,910.9495626,69.71881623,72.3749544
5,1,2007,818.1679879,64.65063776,58.34913253
7,16,2007,2450.157557,93.85297984,289.8050777
7,16,2007,2378.000684,98.15765666,299.586423
7,16,2007,2302.915807,101.9527486,293.9606774
7,16,2007,1391.949429,90.26721347,157.4313209
7,16,2007,576.062228,56.65292965,40.51526116
7,16,2007,508.6800138,30.81498931,20.31751832
7,16,2007,844.9509426,27.68063599,29.1222039
7,16,2007,1475.896343,33.64717201,55.65596709
7,16,2007,1866.924319,60.23874797,139.0863035
7,16,2007,2001.096192,75.75769395,192.0894756
7,16,2007,2000.541848,75.78840843,194.7180798
7,16,2007,2061.715817,73.81793855,192.2337808
7,16,2007,2048.063445,83.91547019,214.4848313
7,16,2007,1863.67423,96.06469343,226.6134098
7,16,2007,1351.654432,78.01277266,137.8157852
7,17,2007,2416.302235,92.40336204,274.8695125
7,17,2007,2404.813926,93.95930978,286.7490572
7,17,2007,2353.716202,89.51985297,261.1711052
7,17,2007,2024.162452,96.94404358,242.5718198
7,17,2007,1161.581235,92.75183998,136.3216165
7,17,2007,601.3845913,41.32501953,30.53548006
7,17,2007,671.3265527,28.34900381,22.96644974
7,17,2007,1128.363091,26.01452063,31.73257812
7,17,2007,1700.147844,41.908657,85.87420991
7,17,2007,1948.835171,67.0664119,165.740403
7,17,2007,2054.649526,73.0505011,195.7968623
7,17,2007,2100.277002,74.23336403,199.1373889
7,17,2007,2110.60513,84.44974841,231.8796895
7,17,2007,2054.289867,94.00008026,241.2573053
7,17,2007,1757.987847,89.54045741,200.0731053
7,17,2007,1193.123097,74.33063692,117.0981617
7,18,2007,2404.256639,62.11301858,182.554877
7,18,2007,2415.458594,92.12100317,281.9105211
7,18,2007,2463.318804,87.63082687,275.2013696
7,18,2007,2319.458827,97.71697143,282.4191243
8,6,2007,1529.459384,81.71227174,163.3383199
8,15,2007,3155.817682,144.5101307,576.5186527
8,18,2007,3779.450422,131.5913555,626.9374007
8,19,2007,3931.275064,131.4657783,655.2869784
8,22,2007,3924.519557,124.8607679,629.5115244
8,24,2007,3904.870598,120.4786766,599.7099201
8,27,2007,3973.501702,117.480832,599.3184437
8,28,2007,3986.48531,112.1346705,579.7872629
8,29,2007,3668.411642,110.4566917,517.7282482
9,1,2007,4045.746948,108.3723692,561.3558588
9,2,2007,3857.042014,124.0118737,600.822767
9,7,2007,4024.335819,112.0234718,573.0610864
9,8,2007,3777.518508,112.3273381,538.4922475
9,11,2007,4117.694569,108.0642194,571.7374273
9,12,2007,3579.806533,101.5664777,460.6008725
9,15,2007,4173.825199,100.6974556,530.8419169
9,16,2007,3990.571196,106.8377725,548.2550533
9,19,2007,4305.738346,122.3583193,680.201163
9,20,2007,4301.84007,119.9290885,657.0240882
9,23,2007,4432.814583,126.6144656,693.8053494
9,24,2007,4427.511551,73.26914554,396.6797532
9,27,2007,4594.588421,119.9852132,699.127962
9,28,2007,4054.985628,108.440835,552.2449646
10,2,2007,4627.71757,107.8167284,618.6149126
10,6,2007,4401.86296,64.94821142,366.2023864
10,7,2007,4586.419868,50.6560907,290.0989273
10,11,2007,4755.638438,130.7144736,780.0109674
10,12,2007,4680.987896,129.71719,750.0521129
10,15,2007,4981.419997,132.1122204,844.1269922
10,16,2007,4702.647855,55.72910398,332.6353053
10,19,2007,5061.705209,113.6483684,733.4642382
10,20,2007,4814.529905,125.246879,781.8911197
10,23,2007,4965.803846,129.6001274,817.7508141
10,24,2007,5184.087983,36.89678914,244.1801352
10,28,2007,4909.862198,22.95156867,145.362056
10,29,2007,4818.640962,33.35096574,201.6206095
11,1,2007,4744.150208,27.68105319,163.5046042
11,4,2007,4469.919109,14.66792471,81.39087668
11,7,2007,4566.669302,60.91156828,354.5758108
11,8,2007,4495.72416,49.88245709,273.2006877
11,11,2007,4320.993014,23.81984865,129.146188
11,12,2007,3996.533679,96.26997426,472.0566416
11,15,2007,4147.052785,109.0656009,569.6069305
11,18,2007,3959.502157,95.85861229,484.178522
11,24,2007,3738.387518,89.16123859,427.7776453
11,26,2007,3716.49871,108.5916633,513.7801707
8,12,2008,4099.624466,156.4163611,813.461952
8,16,2008,4273.082751,144.7241384,788.1404315
8,17,2008,3977.129723,89.76404963,455.8603095
8,18,2008,4411.744461,152.4194913,846.4962331
8,19,2008,4125.167246,139.1887677,734.4603141
8,20,2008,4382.889533,168.9390724,956.4248751
8,21,2008,4465.346145,209.4551673,1177.860382
8,22,2008,4544.819101,177.2682198,1030.689249
8,23,2008,4527.323294,185.6707284,1036.622035
8,24,2008,4714.352333,172.7696862,1004.05637
8,25,2008,4732.610985,148.4069866,885.3265918
8,26,2008,4656.518613,163.3332909,931.1962936
8,27,2008,4419.925165,158.3918763,876.8979382
8,28,2008,4723.465833,190.6427107,1145.521406
8,29,2008,4402.368535,175.0819114,943.320852
8,30,2008,4636.308725,192.8927952,1127.796873
8,31,2008,4219.492685,188.1275902,995.2042083
9,1,2008,4408.524797,186.2210516,1004.341515
9,2,2008,4319.917961,179.7480178,1011.871172
9,3,2008,4779.945992,150.1514227,888.4797496
9,4,2008,4561.829175,187.7547929,1078.21592
9,5,2008,4665.209091,152.3462476,914.3450907
9,7,2008,3634.962586,27.69540532,124.1657858
9,10,2008,4674.754752,124.5191034,747.8770362
9,11,2008,4614.471387,101.4209438,582.0860642
9,15,2008,4560.012102,111.7266596,644.2095107
9,16,2008,4398.751098,101.9021328,576.2916326
9,18,2008,4634.336617,113.6537656,671.823758
9,21,2008,4813.861942,127.3112128,770.6379398
9,22,2008,4805.42537,131.8487176,791.6872997
9,23,2008,4731.47444,125.1063238,759.3163767
9,27,2008,5013.380842,135.5482479,817.5747264
9,28,2008,4739.474743,138.5354959,818.5669409
10,1,2008,4991.948955,123.9773821,800.2189395
10,2,2008,4537.242469,121.2792764,711.2320874
10,5,2008,4832.300585,107.7896108,676.0940555
10,6,2008,4770.572085,100.1312572,596.7515895
10,9,2008,4618.128954,119.2964578,708.2702971
10,10,2008,4502.944651,105.677107,608.6325907
10,11,2008,4655.339992,118.1209238,698.4186502
10,12,2008,4521.132395,102.0732765,579.2425606
10,15,2008,4612.015745,101.1736411,582.3376278
10,16,2008,4506.539927,94.69311599,538.1868829
10,19,2008,4749.588662,102.044865,612.5372797
10,20,2008,4531.093334,95.49983461,536.746263
10,23,2008,4554.788646,113.8169335,652.2176613
10,24,2008,4733.175837,127.6705388,783.3534844
10,27,2008,4510.350113,110.1373015,636.7674326
10,28,2008,4308.256882,87.38039007,472.3115122
11,1,2008,4411.827969,116.8772613,659.6503902
11,2,2008,4045.443227,110.3008864,569.9045001
11,5,2008,4259.794554,105.5008241,550.4298644
11,6,2008,4225.092316,102.7285584,547.3910785
11,9,2008,4285.013327,122.6386063,655.213571
11,10,2008,4252.044961,109.7356218,604.5447239
11,15,2008,4203.636698,109.161868,571.5991551
11,16,2008,3690.832061,101.5927198,481.8982234
11,18,2008,3949.886844,96.14652446,481.7034834
11,26,2008,3827.016321,109.4762668,531.0948849
4,18,2008,6.422367078,41.13305319,0.258354423
4,18,2008,45.47350646,59.75483373,1.925687355
4,18,2008,19.4613732,78.51078101,1.626292144
4,18,2008,683.4520206,57.78990837,49.88013948
4,18,2008,243.9233354,56.63561967,18.55295854
4,18,2008,581.417475,49.87368254,33.24081001
4,18,2008,1014.831622,48.50485999,59.20785848
4,19,2008,1179.672069,49.4622936,68.73201711
4,19,2008,1173.147824,45.13592802,61.91019677
4,19,2008,1168.593569,51.26325041,70.82591087
4,19,2008,1130.928176,55.66196694,78.09300307
4,19,2008,1080.882079,60.55107497,80.36619544
4,19,2008,100.1659407,54.78602917,6.863479567
4,19,2008,834.1538711,50.41121544,49.78784713
4,19,2008,862.0137699,48.09005185,48.22732358
4,19,2008,684.0363048,45.86292713,36.66119525
4,19,2008,463.320357,38.72726072,20.40351741
8,6,2009,3972.320628,338.1728512,1719.843436
8,8,2009,3766.493407,349.1681735,1651.471303
8,17,2009,4185.536232,139.6474414,717.2872484
8,18,2009,4169.741454,122.4377287,634.5331681
8,21,2009,4237.708413,134.354617,711.3140987
8,23,2009,4025.304057,125.5597918,623.6613245
8,26,2009,4375.259955,120.2548035,646.4321253
8,27,2009,4357.019194,151.6922719,832.0793578
8,28,2009,4131.154391,116.6501502,602.0866213
9,1,2009,4203.628787,122.4689613,636.2981671
9,2,2009,4130.831064,122.3599325,627.8294113
9,3,2009,3879.847287,114.6336919,546.0323741
9,6,2009,4314.433681,133.4377542,706.2474597
9,7,2009,4040.748042,137.7468413,696.1592763
9,12,2009,4437.611451,137.4396598,762.2403709
9,13,2009,4329.202332,155.2235612,864.9784204
9,16,2009,4547.84244,143.3977585,820.4174604
9,17,2009,4446.491932,129.4624904,732.0280247
9,20,2009,4467.233407,129.8095768,734.1119526
9,22,2009,4384.514604,129.6915901,705.9517057
9,25,2009,4554.841497,128.0405012,721.565485
9,26,2009,4583.570261,116.0130368,647.2158459
9,30,2009,4425.356704,137.1659559,738.2757268
10,1,2009,4374.129305,129.1794363,681.5667554
10,5,2009,4404.766085,159.4579171,866.6761161
10,6,2009,4794.265205,145.381333,860.7741427
10,9,2009,4948.14949,169.2460825,1016.170873
10,10,2009,4576.943755,165.760882,958.893117
10,13,2009,4527.469571,155.8786716,851.4682965
10,14,2009,4926.999174,149.5455396,900.7374606
10,15,2009,4455.472889,166.8222885,938.1156913
10,18,2009,5098.959667,151.4552879,924.396559
10,19,2009,4570.695689,124.5542776,702.0107339
10,21,2009,5383.559239,135.2628956,875.2933367
10,22,2009,5030.304999,128.0170398,771.85616
10,26,2009,4978.76895,130.1191529,782.3970672
10,27,2009,5057.256483,130.2923624,797.9450944
10,30,2009,4823.411359,141.381162,871.0451079
10,31,2009,4539.429118,119.9453729,676.2622665
11,3,2009,4516.556199,129.014776,704.3326232
11,4,2009,4088.8365,134.0739582,694.820431
11,7,2009,4160.725112,121.1111186,634.025591
11,8,2009,3997.803342,116.703126,592.5490202
11,9,2009,4016.604547,105.8975073,523.7961953
11,10,2009,4020.255583,115.4163704,567.274368
11,11,2009,3914.990382,103.291272,500.4476798
11,14,2009,3902.74226,120.0442227,583.0259432
11,16,2009,3394.566353,98.76537019,423.4946372
11,20,2009,3276.838665,106.5397987,429.5786299
1,6,2009,1881.83287,186.9135324,439.1731581
1,6,2009,1658.573498,168.3911878,350.4196535
1,6,2009,1534.743495,143.4733814,273.9405939
1,6,2009,1474.858661,140.1004077,257.3425755
1,6,2009,1573.772535,113.8608853,225.0805979
1,6,2009,1664.732307,105.9423414,218.4432303
1,6,2009,1749.484727,111.5813847,243.9170739
1,6,2009,1719.500503,121.1120683,262.9878084
1,7,2009,1569.417613,54.07235908,100.9619403
1,7,2009,1731.52813,81.30226594,172.0940689
1,7,2009,1912.865394,94.16670391,222.4867534
1,7,2009,1993.041919,124.7185896,309.3193561
1,7,2009,2033.860985,144.4022428,361.6042806
1,7,2009,2093.726975,169.0870586,458.3689613
1,7,2009,2088.043858,172.0990196,451.4797636
1,7,2009,2066.585522,182.2182629,475.8691634
1,7,2009,1850.639267,170.3896871,398.1209054
1,7,2009,1567.356077,154.3372674,299.8707663
1,7,2009,1217.264576,110.9868601,169.1849797
1,7,2009,1043.202353,85.85715962,110.7906591
1,7,2009,1122.497766,65.72968737,85.61815457
1,7,2009,1320.134259,66.04795234,103.0525358
1,7,2009,1412.027838,67.54382469,118.9331395
1,8,2009,1338.112428,46.18013639,75.17707385
1,8,2009,1648.123378,75.1295969,153.9284066
1,8,2009,1810.888387,94.08783547,204.0359855
1,8,2009,1910.058545,118.4644418,277.6522579
1,8,2009,2035.437993,145.287031,374.0547462
1,8,2009,2099.908086,158.7901212,411.1063061
1,8,2009,2127.052288,190.0961028,512.858899
1,8,2009,2047.382004,187.2286676,469.7562999
1,8,2009,2049.753808,199.149232,517.5218875
1,8,2009,1813.354526,215.2350703,504.3861884
1,8,2009,1328.761989,157.4174398,259.4097722
1,8,2009,796.7958854,92.58278046,89.37680545
1,8,2009,549.9792045,54.56590791,34.30556125
1,8,2009,651.2327892,40.73196173,30.91211225
7,5,2009,784.8557911,54.97141401,53.38307145
7,5,2009,1273.92917,61.28374612,97.62943364
7,5,2009,1686.242712,114.14101,242.4680639
7,5,2009,1878.559328,163.4414996,368.6346734
7,5,2009,1897.556325,172.3388151,404.4189396
7,5,2009,1833.315524,175.6267332,398.1190766
7,5,2009,1695.577668,188.9253757,393.1517847
7,5,2009,1482.849045,174.6000754,325.0498631
7,5,2009,1291.904973,147.2718984,236.7528874
7,5,2009,1206.125847,138.5427536,219.5466617
7,5,2009,1460.120799,136.5790709,254.6473024
7,5,2009,1696.467832,155.1890212,328.7949172
7,5,2009,1904.376306,150.9099607,356.3007121
7,5,2009,1949.600859,156.2953786,388.0570753
7,6,2009,2132.932927,169.2752454,454.1443225
7,6,2009,1439.597343,179.0575965,324.3037755
7,6,2009,803.523826,142.2629006,144.6919916
7,6,2009,536.3037537,48.82641724,32.14793792
7,6,2009,979.7486791,58.57659669,73.72721039
7,6,2009,1490.689352,80.70934376,145.0271837
7,6,2009,1829.222019,140.5061873,319.8161959
7,6,2009,1903.745757,160.8632475,389.0782838
7,6,2009,1868.091268,150.6842139,351.3958218
7,6,2009,1851.268054,155.8086771,360.2398254
7,6,2009,1679.264687,164.7895314,352.5261151
7,6,2009,1196.204481,148.2060128,218.6040704
7,6,2009,1290.998727,137.2575102,223.9527957
7,6,2009,1575.712309,139.2874475,283.4265833
7,6,2009,1794.837501,155.3906274,351.3414007
7,6,2009,1907.79894,160.2679518,391.1888527
7,7,2009,2273.730659,171.4817247,485.4339095
7,7,2009,1944.392922,174.5486532,430.0459247
7,7,2009,1196.197949,175.1445039,257.3638368
7,7,2009,457.3731994,107.0605144,62.48906355
7,7,2009,689.9326422,61.99109953,53.96481324
7,7,2009,1282.453279,59.53395889,92.69157752
7,7,2009,1815.256681,145.2365727,343.7187657
7,7,2009,1958.603551,168.0039645,417.5635581
8,16,2010,1190.828066,80.1658248,118.4962632
8,17,2010,2852.775475,96.81797027,365.8079794
8,20,2010,2657.823445,104.6741832,345.004545
8,24,2010,2903.698802,97.94166374,355.1936967
8,25,2010,1807.330766,103.3994155,233.1949118
8,28,2010,3281.498793,95.63298326,394.2415948
8,30,2010,3270.07003,99.98669938,411.222161
9,2,2010,3285.294217,127.5319927,523.8260578
9,3,2010,3426.304161,122.3861429,521.4109212
9,6,2010,3587.797654,138.2110597,619.1069062
9,7,2010,3027.046186,136.9717082,515.171816
9,10,2010,3834.548862,123.3021036,598.6068238
9,11,2010,3738.517133,130.4212541,607.8264702
9,14,2010,3650.38208,105.5992854,483.9177061
9,15,2010,3673.270355,127.3632657,591.7776767
9,18,2010,3709.667416,117.8975975,556.7935778
9,19,2010,3423.221743,98.93460943,428.2668896
9,22,2010,3816.67692,70.33758506,337.0136618
9,23,2010,3123.174873,100.8551954,393.0798261
9,27,2010,3679.412301,63.89415955,292.4880184
9,28,2010,3678.323888,85.42930983,395.2633278
10,2,2010,3405.982693,106.8341022,455.3303277
10,3,2010,3834.590063,89.39660742,422.1316164
10,6,2010,3792.018981,108.1160573,513.6088445
10,7,2010,3207.645565,88.03296838,353.5379096
10,11,2010,4223.26715,127.7871221,670.5824453
10,12,2010,3901.832733,128.2340324,612.2249089
10,14,2010,4166.721886,119.5936669,621.5448014
10,15,2010,4159.542806,125.1894016,648.2491739
10,18,2010,4230.424606,111.4828102,579.5733665
10,19,2010,4008.759691,105.0508664,526.3677357
10,22,2010,4261.349218,123.9711696,655.3880348
10,23,2010,3879.269123,95.81704795,463.2458391
10,26,2010,4084.872749,95.11768498,474.4142409
10,29,2010,4251.955864,113.4238401,597.0561431
1,12,2010,1392.717308,29.9853073,50.28873711
1,12,2010,1516.409551,37.8514292,68.92646266
1,12,2010,1599.691008,49.79872312,97.84053421
1,12,2010,1662.655385,64.94668327,135.5768571
1,12,2010,1739.331633,79.3866159,172.8370281
1,12,2010,1802.296458,94.599931,222.1020004
1,12,2010,1747.364691,102.326901,231.6408812
1,12,2010,1750.406659,117.7683583,270.1613983
1,12,2010,1342.552839,107.4000169,185.8295068
1,12,2010,342.0611769,51.35989762,19.71483794
1,13,2010,1033.972734,19.46516531,23.7645262
1,13,2010,1390.83299,33.66182057,57.62539041
1,13,2010,1549.536327,44.85620014,86.25586783
1,13,2010,1624.180305,54.03289259,107.2224572
1,13,2010,1652.344558,65.34716434,134.8978027
1,13,2010,1663.886254,82.57295649,169.4926941
1,13,2010,1787.537863,88.01523547,201.4572527
1,13,2010,1725.087293,101.3458847,229.0722017
1,13,2010,1674.363674,111.6965452,236.3116972
1,13,2010,1132.219814,90.10284783,135.1837096
1,13,2010,88.39308023,42.88418525,3.760862727
1,14,2010,293.3128031,19.57155859,7.250948523
1,14,2010,753.4874959,18.09091554,16.74620761
1,14,2010,1208.2421,21.67507557,30.78124703
1,14,2010,1433.556514,34.19547232,60.96797439
1,14,2010,1597.179786,39.83905952,78.17473706
1,14,2010,1682.607535,52.21180563,108.2784158
1,14,2010,1733.384227,66.22287174,146.3347544
1,14,2010,1797.734043,68.81484291,154.4363603
1,14,2010,1763.569398,78.23122335,179.2688971
1,14,2010,1749.825931,102.3885916,229.5132668
1,14,2010,1473.271045,106.7309646,203.1441325
1,14,2010,465.0542381,62.48695547,36.1725655
1,15,2010,843.21285,16.47029832,15.80715859
1,15,2010,1305.770395,18.92729045,29.04493853
1,15,2010,1612.603586,41.12091274,77.8715469
4,15,2010,1148.505576,82.18156978,115.209132
4,15,2010,1201.321985,69.34964533,102.5212387
4,15,2010,1209.792759,72.12615936,108.4582466
4,15,2010,1237.998348,67.7078645,104.7482887
4,15,2010,1363.933559,64.52017134,106.9837893
4,15,2010,1208.061576,62.52862975,95.59908539
4,15,2010,453.6847454,53.89427033,29.46011051
4,15,2010,1104.816546,55.07590537,73.82392998
4,15,2010,1101.306858,56.24955142,76.80248372
4,15,2010,1020.050465,63.82100986,80.1559851
4,15,2010,754.272533,66.18017296,60.84915699
4,15,2010,165.8719781,61.90624459,14.01527079
4,15,2010,779.1908746,63.72984851,58.6962929
4,15,2010,1227.462119,55.87741824,84.11476448
4,15,2010,1230.05867,58.66335185,90.4283561
4,15,2010,1219.551146,56.54262456,86.85616657
4,15,2010,1227.498828,59.30546133,90.2769884
4,15,2010,824.7404684,62.19553262,63.35916001
4,15,2010,1124.290755,66.61504649,92.04169846
4,15,2010,1049.865983,81.00712584,108.1242988
4,15,2010,895.2035607,69.04163578,78.51880606
4,15,2010,458.0772905,66.02252614,38.43320711
4,15,2010,542.6930633,64.75123872,43.32039585
4,15,2010,1049.497945,68.35876365,88.93272902
4,16,2010,1206.984452,61.76623081,91.77235597
4,16,2010,1233.783079,64.88425757,98.92855157
4,16,2010,1292.338006,64.65566143,103.8595448
4,16,2010,1386.475653,65.59467859,114.0058395
4,16,2010,1328.666407,61.49172673,99.85709837
4,16,2010,880.1097464,60.36931791,66.05919819
4,16,2010,895.3047217,54.61864045,60.95337204
4,16,2010,1101.748446,57.26397788,77.97873043
4,16,2010,1067.418824,60.43588576,79.88002289
4,16,2010,972.318376,62.85039478,76.10234116
4,16,2010,605.9280702,60.50067718,45.82747407
4,16,2010,168.8880143,58.81645776,9.099934564
4,16,2010,946.3940677,55.85136939,61.4058996
4,16,2010,1215.341501,51.33779183,76.56535006
4,16,2010,1203.746572,53.51770703,78.40797734
4,16,2010,1295.900708,56.40202945,91.35010208
4,16,2010,1069.662143,58.83687387,77.25002977
4,16,2010,146.0500658,58.13019995,10.69239741
4,16,2010,1019.157914,58.48619755,74.86179809
4,16,2010,1052.711298,68.64603048,88.88805539
4,16,2010,911.9755319,71.17743105,81.23214734
4,16,2010,632.7557968,64.44306807,51.26156969
4,16,2010,111.8648251,58.76442944,7.855386798
4,17,2010,1035.80617,28.88840342,36.69535912
4,17,2010,1147.959513,59.37460033,83.98652936
4,17,2010,1226.488987,56.34530637,85.83195212
4,17,2010,1291.47323,64.23477674,103.1399236
4,17,2010,1318.590612,65.48385519,107.842068
4,17,2010,1351.953778,65.38153416,107.0412318
4,17,2010,1327.390837,61.62972743,102.0495207
4,17,2010,1096.758392,54.53534234,74.00119622
4,17,2010,1048.788071,54.48590718,68.74335481
4,17,2010,980.0868589,56.91153499,67.1372339
4,17,2010,870.508883,56.89433725,59.92116388
4,17,2010,1025.020484,48.98491329,60.84571186
4,17,2010,1189.813352,51.6622419,74.18819383
4,17,2010,1148.624382,52.71655094,73.99533793
4,17,2010,1107.773547,51.09667998,69.86926245
4,17,2010,411.5272237,60.90528626,31.15208486
4,17,2010,889.323671,65.18500904,72.52057222
4,17,2010,1000.946825,63.97366374,80.79772733
4,17,2010,873.5056525,69.17844489,76.33921744
4,17,2010,711.891885,67.85800814,60.0091707
4,17,2010,172.879897,60.60528562,12.52501726
4,17,2010,747.8453559,61.9419336,56.71456145
4,18,2010,1304.066967,59.8944476,96.46919016
4,18,2010,1369.458299,60.8830385,102.4685227
4,18,2010,1384.011304,68.00154728,117.1686907
4,18,2010,1404.98677,53.1109295,92.29648895
4,18,2010,1230.9557,60.82291926,92.64876462
4,18,2010,712.4561008,48.36311832,41.99336157
4,18,2010,1074.163365,51.81771785,68.4356664
4,18,2010,1054.503479,53.0847589,66.97174268
4,18,2010,972.0577857,54.3949722,64.84878913
4,18,2010,755.3591996,53.21084677,49.05285738
4,18,2010,201.7854642,52.10864259,11.68093524
4,18,2010,1062.311053,42.76295839,57.51038412
4,18,2010,1103.989988,44.84755134,60.4906095
4,18,2010,1086.443746,46.56419117,61.84484412
4,18,2010,818.5731961,46.28555637,46.60562834
4,18,2010,369.506823,51.73803161,22.74182711
4,18,2010,956.5399352,54.20992896,66.0111203
4,18,2010,817.9761285,55.30977342,56.37448482
4,18,2010,769.4087824,59.67641609,57.670104
4,18,2010,375.5124909,52.49782032,24.4860114
4,18,2010,457.1607909,51.59803567,28.5575362
4,19,2010,1038.79732,32.06773342,41.40237517
4,19,2010,861.215621,15.06653331,15.45978846
4,19,2010,1277.909129,7.650130036,12.00469847
4,19,2010,1341.152697,8.254045526,13.412535
4,19,2010,1365.666693,6.421715726,10.92159988
4,19,2010,1399.443808,5.915082899,9.471931258
4,19,2010,1334.450123,5.139208068,8.405317654
4,19,2010,1007.038686,4.522184483,5.647141795
4,19,2010,678.9547078,3.134407357,2.543791364
4,19,2010,934.984561,3.225220928,3.287297285
4,19,2010,612.4770492,3.314762349,2.42657047
4,19,2010,726.3870867,2.991842043,2.443913001
4,19,2010,1049.769827,42.14274302,52.5661127
4,19,2010,865.8910467,40.9647666,42.98155898
4,19,2010,230.3132821,43.23929239,12.69711246
4,19,2010,686.4954834,47.69474296,40.99198539
4,19,2010,953.2407183,45.09016753,53.16937153
4,19,2010,786.3729458,47.5606171,46.77355515
4,19,2010,493.6620615,48.6552099,30.49502138
4,20,2010,875.5200302,53.15164839,56.68936766
4,20,2010,1080.087475,47.93201968,63.62633774
4,20,2010,567.6344243,29.92426016,20.84412121
4,20,2010,1312.144349,43.86420338,70.84539834
4,20,2010,1349.771016,43.1142152,70.68767377
4,20,2010,1380.001553,41.29713561,67.40294932
4,20,2010,1380.223113,41.77935732,67.55713087
4,20,2010,1415.706287,49.23983809,85.06282271
4,20,2010,853.3069267,51.93586314,54.88348019
4,20,2010,662.9991461,35.92889971,28.35023602
4,20,2010,944.6155701,33.44182665,37.09247451
4,20,2010,908.0405101,34.17169016,36.72255248
4,20,2010,737.7491595,33.99813857,30.28978791
4,20,2010,38.25988174,30.8441764,0.663128272
4,20,2010,656.2044229,34.10231264,25.71991066
4,20,2010,876.7682203,28.29348154,28.9030739
4,20,2010,729.4121267,33.84623936,28.7867633
4,20,2010,478.7354837,41.22867648,23.75662514
4,20,2010,218.6094511,39.10853983,10.65834841
4,20,2010,704.9199685,38.38808419,33.57736695
4,20,2010,791.1287513,36.04268332,34.09380985
4,20,2010,627.835131,42.54763452,32.6999093
4,21,2010,233.8551084,42.13279634,11.79164825
4,21,2010,447.9352624,37.07773673,19.7083861
4,21,2010,961.6728828,37.5361868,43.12901188
4,21,2010,1199.269842,41.73004924,60.66035283
4,21,2010,1335.643605,39.46006688,64.00661929
4,21,2010,1377.704819,38.55368439,62.82922006
4,21,2010,1443.261946,44.01458704,77.18536045
4,21,2010,1359.209725,46.59572485,76.50504163
4,21,2010,775.9931822,45.47349982,43.67888663
4,21,2010,611.6826188,33.81577453,24.83980552
4,21,2010,895.4645457,26.27157289,28.43089796
4,21,2010,762.0649603,26.53868377,25.52147504
4,21,2010,493.0959378,27.37229353,20.62448952
4,21,2010,117.337379,29.31221129,6.015369759
4,21,2010,331.0789465,36.99463272,13.43628572
7,7,2010,1065.76809,15.08268927,16.98234672
7,7,2010,1290.496155,33.52513306,51.4916101
7,8,2010,290.5359136,23.25021702,8.06035168
7,8,2010,565.3298206,25.70045514,18.22546064
7,8,2010,1032.514968,16.11598784,18.56109283
7,8,2010,1240.495587,31.20890039,45.69272575
7,8,2010,708.3041838,14.25858165,11.82045786
7,8,2010,1144.376943,23.03476805,33.04484622
7,8,2010,1426.791413,32.39090246,56.88682711
7,8,2010,1489.679034,39.84869857,74.37638296
7,8,2010,1581.426356,56.11620897,111.7189446
7,9,2010,302.3428681,11.13881834,4.029320259
7,9,2010,784.0089535,14.50370437,12.96244912
7,9,2010,1105.826434,23.00499923,28.61009458
7,9,2010,1183.535789,35.04751536,47.25946062
7,9,2010,1016.106441,28.7439271,32.92503552
7,9,2010,736.2742154,21.7781003,19.46433572
7,9,2010,313.2093503,4.728586263,1.857999269
7,9,2010,468.3000554,2.96610954,1.630293565
7,9,2010,995.2974851,1.575758619,1.650290296
7,9,2010,1334.426193,27.33227141,43.38724961
7,9,2010,1500.349046,4.462542906,7.939657883
7,9,2010,1583.30932,6.067675736,11.94407532
7,9,2010,1621.186625,6.544418971,13.32097368
7,10,2010,396.2063252,17.94159254,8.538448051
7,10,2010,90.84094796,28.73698177,2.663135257
7,10,2010,1012.265908,21.69550529,25.47182369
7,10,2010,1378.423558,34.36478302,54.5566937
7,10,2010,1631.234042,43.20722629,85.01183984
7,11,2010,1271.912947,105.2696649,171.9714031
1,14,2011,1797.130708,63.58257312,110.4887339
1,14,2011,1834.082858,66.63959605,119.9799734
1,14,2011,1768.518991,76.36689209,137.2224072
1,14,2011,1653.002598,81.89881286,134.859318
1,14,2011,1364.157858,68.84378042,92.82833291
1,14,2011,963.1902914,47.05338468,46.3802538
1,14,2011,650.075231,36.12672712,21.95680428
1,14,2011,617.4267655,18.29806857,10.0933368
1,14,2011,781.976915,29.21653601,21.2060061
1,14,2011,1019.036733,26.57466631,26.29916513
1,14,2011,1180.213838,31.06356803,35.42490034
1,14,2011,1191.062205,35.53041718,42.48343153
1,14,2011,1194.351256,33.51085682,39.82780785
1,15,2011,888.0044231,18.48458034,16.03345857
1,15,2011,1405.845753,30.33849104,41.13464566
1,15,2011,1574.57733,38.09039267,57.20861076
1,15,2011,1668.256534,43.33757099,70.24823348
1,15,2011,1796.674875,57.42444405,99.73895687
1,15,2011,1918.107575,71.4349652,134.5222713
1,15,2011,1919.145347,79.81857847,150.2922049
1,15,2011,1897.357651,105.7497346,203.1340024
1,15,2011,1778.310851,97.88767319,173.0357201
1,15,2011,1325.551795,44.86144345,61.89601177
1,15,2011,748.4987669,54.43195619,39.27866698
1,15,2011,156.5858802,22.19470704,3.539118903
1,15,2011,508.699723,19.45552321,9.494965449
1,15,2011,711.5962623,20.40000147,13.94458051
1,15,2011,974.6532587,25.65659751,24.46852841
1,16,2011,950.0849401,19.76107802,17.68845794
1,16,2011,1343.584534,32.43224086,42.3985412
1,16,2011,1595.464998,40.73751637,61.00794793
1,16,2011,1748.635165,53.88253548,93.67964009
1,16,2011,1828.574557,63.18778541,112.2427018
1,16,2011,1934.789495,79.45135651,154.9391061
1,16,2011,1894.982856,92.51331312,177.2609106
1,16,2011,1849.479233,103.406236,191.4755844
1,16,2011,1675.258617,96.49284417,164.8934705
7,8,2011,3286.125098,233.6227781,759.2780026
7,8,2011,3363.969442,242.9256955,820.6246809
7,8,2011,3455.221857,267.7918416,928.9098016
7,8,2011,3152.505121,253.4396209,807.2572307
7,8,2011,3090.707209,286.0781056,896.6941774
7,8,2011,3200.132758,283.9136229,910.0134475
7,8,2011,2058.544941,269.0040367,564.8243658
7,8,2011,1882.679415,258.9649474,487.7628972
7,8,2011,2183.285654,237.0272933,516.6089695
7,8,2011,2831.841699,246.5465208,689.0228993
7,8,2011,2966.891388,279.1262181,827.1196749
7,8,2011,3216.243401,282.6238562,910.1734046
7,8,2011,3285.560405,266.7067448,882.4246974
7,8,2011,3198.123663,250.6950516,805.6056213
7,9,2011,3239.420711,218.9802443,703.3914617
7,9,2011,3326.864411,237.3372425,791.2728781
7,9,2011,3251.062332,233.6488157,762.7443848
7,9,2011,3322.251512,247.8097094,829.0636103
7,9,2011,3286.265389,252.0612289,846.4818599
7,9,2011,3059.060541,278.7981838,867.3874376
7,9,2011,2727.571159,219.3071594,154.5608002
7,9,2011,2191.060611,255.244167,556.1234476
7,9,2011,2382.278509,241.5102227,581.0523849
8,11,2011,4073.167704,188.3456384,762.9367074
8,12,2011,3712.544593,203.3023336,755.3757963
8,15,2011,4411.349937,156.8122617,697.0347161
8,16,2011,4123.425208,155.0807573,644.6407592
8,17,2011,4345.748054,148.4393727,641.1589086
8,18,2011,4396.130545,159.3708915,693.4786256
8,21,2011,4503.535806,225.1921702,990.8079496
8,22,2011,3808.965393,228.0034919,852.8967584
8,25,2011,4197.023049,213.310153,880.2322843
1,3,2012,2253.559698,94.70459211,219.3374995
1,3,2012,2103.801612,87.144563,187.1828073
1,3,2012,2002.336979,78.45238175,162.0610773
1,3,2012,1908.970043,72.86267134,139.1129097
1,3,2012,1896.708211,74.88335803,143.307877
1,3,2012,1886.788623,75.42427691,146.396428
1,3,2012,1922.581508,69.79813475,138.1533143
1,3,2012,1954.403079,67.94948761,133.9963889
1,4,2012,1766.054965,36.782306,65.85478069
1,4,2012,1920.532364,42.91001089,80.70882282
1,4,2012,2118.42088,52.59593927,113.6293741
1,4,2012,2188.51572,61.84911489,140.0260921
1,4,2012,2302.279847,73.20275558,174.5375837
1,4,2012,2288.260678,86.20474084,204.3184572
1,4,2012,2351.045924,90.38534457,212.745944
1,4,2012,2274.238331,90.10889511,209.4896746
1,4,2012,2218.379263,95.1438938,215.7460326
1,4,2012,1918.404022,84.12919525,166.4995548
1,4,2012,1699.989644,79.28640129,139.5705774
1,4,2012,1460.232892,67.38155229,104.7969055
1,4,2012,1430.349479,47.19416048,66.57042123
1,4,2012,1466.891675,46.19594389,68.27095202
1,5,2012,1630.464086,34.95371369,54.8711558
1,5,2012,1842.979631,43.73779242,77.29930385
1,5,2012,1983.491305,43.32384692,84.14967135
1,5,2012,2163.47791,59.999353,132.3883706
1,5,2012,2285.379798,65.98759416,154.5334855
1,5,2012,2325.922188,77.57469911,179.7786305
1,5,2012,2366.871558,79.09847338,190.3156382
1,5,2012,2364.205761,87.51989533,211.802098
1,5,2012,2280.774619,98.21101381,223.5598183
1,5,2012,2116.343066,93.06434959,202.0623454
1,5,2012,1603.798949,81.47229749,134.550405
1,5,2012,1186.420292,59.77831273,73.07514745
1,5,2012,960.2295919,35.1650118,33.22108121
1,5,2012,1013.704094,26.4574063,26.21303909
7,9,2012,3045.989205,215.2942896,650.4685942
7,9,2012,2725.254474,242.9474548,667.4080392
7,9,2012,1945.476371,227.2563062,449.1320399
7,9,2012,1146.357249,186.0266571,215.569065
7,9,2012,1019.482347,144.5457774,149.9796297
7,9,2012,1483.832195,106.3733758,159.3735726
7,9,2012,2127.983651,157.8555749,311.3320796
7,9,2012,2498.596448,190.8122842,469.7053975
7,9,2012,2761.606771,196.3169484,521.9894212
7,9,2012,2920.516302,226.156495,647.2644632
7,9,2012,2965.770886,232.2019499,679.8480393
7,9,2012,2938.245506,226.7533527,660.6342415
7,9,2012,2778.407892,212.2671229,592.9391482
7,9,2012,2809.807885,230.712188,652.4403442
7,10,2012,2956.837869,208.216457,609.3995262
7,10,2012,3108.207705,219.6873685,685.2071308
7,10,2012,3142.499949,201.6436379,640.7588505
7,10,2012,3077.574957,229.7058531,707.823991
7,10,2012,2566.533759,229.6386657,596.8536707
7,10,2012,1824.293545,218.6358138,395.8883195
7,10,2012,1318.292129,131.600941,187.7858141
7,10,2012,1292.722447,124.5984705,166.1654519
7,10,2012,1836.078119,135.4260299,248.607075
7,11,2012,3008.274441,193.9249423,584.591136
7,11,2012,3137.862948,202.7576824,638.7853686
7,11,2012,3047.589436,204.0624243,618.4823217
7,11,2012,3021.895104,214.2802597,647.7825749
7,11,2012,2808.8779,218.4888972,620.6730182
7,11,2012,2205.264409,220.7566701,502.8184434
7,11,2012,1415.849341,183.6635057,268.9244504
7,11,2012,1244.527394,126.8856354,171.3362456
7,11,2012,1492.397961,135.457522,202.6804917
7,11,2012,2103.83056,138.4102574,300.4245476
1,8,2013,1548.891632,34.32259994,50.65157219
1,8,2013,1720.236705,37.00998105,61.15670604
1,8,2013,1823.373768,47.64823971,86.26664527
1,8,2013,1908.617183,67.02567752,129.7119031
1,8,2013,1942.159927,84.11394921,168.5846433
1,8,2013,2038.770355,88.14281799,181.9528717
1,8,2013,1947.42363,93.47233707,180.4300577
1,8,2013,1606.904046,90.18016229,143.8486234
1,8,2013,454.580057,64.31877649,28.05972713
1,8,2013,363.7023484,28.28685984,10.06638077
1,8,2013,226.5298919,12.68173423,2.741225162
1,8,2013,841.2715695,13.54969508,10.60966843
1,8,2013,1144.232739,18.91909139,20.77303103
1,8,2013,1355.10543,30.53661706,39.09912496
1,9,2013,194.3097394,19.58437022,2.937847434
7,11,2013,2389.253653,103.9456597,246.7301802
7,11,2013,2034.92271,81.44328661,163.7553677
7,11,2013,425.6738426,79.96881851,30.30513323
7,11,2013,858.0169094,18.26713741,12.32400818
7,11,2013,1696.280156,33.89154293,56.05252943
7,11,2013,2080.874204,69.12437129,143.7156069
7,11,2013,2276.038138,84.25487818,190.5089736
7,11,2013,2247.280663,95.20458779,210.4382972
7,11,2013,2219.188971,116.6527495,268.0829401
7,11,2013,1948.225683,121.8608012,240.2704901
7,11,2013,1204.912942,116.7826999,143.7778014
7,12,2013,1943.385752,63.95080209,122.2053228
7,12,2013,2168.588879,71.61031648,140.9174853
7,12,2013,2226.915009,85.84173434,183.8243789
7,12,2013,2295.8124,98.35058118,222.4023423
7,12,2013,2222.041254,108.8596845,237.2564163
7,12,2013,2295.164522,111.380537,253.5777585
7,12,2013,2361.803949,87.86871255,201.9466136
7,12,2013,2258.343506,103.9761345,226.4221222
7,12,2013,1333.894605,95.89475488,127.7437558
7,12,2013,1254.392261,16.94848574,15.05762128
7,12,2013,1906.612979,42.29015652,73.38224768
7,12,2013,2189.179616,66.89436789,135.5623306
7,12,2013,2165.511327,95.44875303,201.3164762
7,12,2013,2163.091768,88.77668707,190.1484433
7,12,2013,2065.723314,107.6127847,226.5510465
7,12,2013,1762.692622,98.47253492,173.3272533
7,12,2013,800.6720633,79.31452351,64.37237552
7,13,2013,2240.353965,91.01577488,195.4895843
7,13,2013,2274.446627,92.65350278,202.7866279
7,13,2013,2281.93647,94.47830967,210.0904083
7,13,2013,2310.014705,93.38999873,205.9096247
7,13,2013,2284.419976,93.16691217,209.6031327
7,13,2013,1763.551438,99.6569249,170.4788619
8,16,2013,3702.892995,151.5235147,278.5923657
8,17,2013,3926.562481,192.0379246,370.0212308
8,20,2013,3945.472532,170.4098604,335.2176441
8,22,2013,3338.184998,149.1459759,245.1934033
8,25,2013,4079.161924,118.8043204,483.9300236
8,27,2013,4200.568744,156.0936609,664.157048
8,30,2013,4165.395901,136.3425538,568.5623142
9,1,2013,4261.998928,147.5381763,622.9808228
9,4,2013,4464.242004,147.7729092,662.1317585
9,5,2013,3789.866057,138.5016675,531.1060388
9,6,2013,3692.979367,134.5489299,500.0777057
9,9,2013,4325.89998,125.2831019,534.9741746
9,10,2013,4251.976345,130.0774023,553.857305
9,11,2013,4513.388019,133.7437899,603.9843668
9,14,2013,4304.477212,95.68454896,422.3278594
9,15,2013,4350.840652,96.83568099,423.6982689
9,16,2013,4342.626207,135.6114954,600.3391518
9,19,2013,4610.490125,116.8714814,557.0613624
9,20,2013,3879.518743,96.74981336,382.0148784
9,21,2013,4725.924137,158.6740594,761.4956092
9,22,2013,4280.69986,156.3311196,671.0635675
9,25,2013,4533.556176,188.6535078,865.1331156
9,26,2013,5093.116596,180.0031034,916.4998228
9,29,2013,5225.406828,146.118231,756.0300912
9,30,2013,4975.437869,221.0013386,1081.680348
10,1,2013,5442.487776,227.8112725,1240.599874
10,3,2013,5285.960711,243.4937676,1283.310582
10,5,2013,5129.864866,198.5866081,1020.938304
10,7,2013,5313.427372,183.2235088,932.6229192
10,9,2013,5135.204514,213.7735601,1083.305628
10,10,2013,5660.920688,191.8270951,1055.122439
10,13,2013,5826.707565,178.8113452,1023.844527
10,14,2013,5402.546378,156.1844583,854.8694019
10,17,2013,5213.336634,137.4648645,715.6874065
10,18,2013,5150.634666,112.1978703,578.0715045
10,21,2013,5316.055123,159.8981621,865.0653659
10,22,2013,5255.760567,151.0984739,779.7530734
10,25,2013,5458.886925,163.500429,885.8350946
10,27,2013,5432.435227,158.2783537,860.2491614
10,30,2013,5048.613071,149.8632277,784.0293944
11,1,2013,4910.54818,146.8821896,731.7984948
11,4,2013,4868.368432,152.2212398,749.2010414
11,6,2013,4140.456258,123.9420707,514.5963053
11,9,2013,4538.615172,158.5370907,724.7782721
11,11,2013,4443.82036,147.151092,636.6305887
11,14,2013,4664.247339,156.8159995,723.6421967
11,16,2013,4073.440006,126.2531717,513.5780037
11,17,2013,4329.201952,143.030912,618.1927267
11,18,2013,3759.576801,122.5222214,456.9860337
1,10,2014,1417.479749,55.48444029,82.15912234
1,10,2014,1317.87418,42.1617265,57.87224426
1,10,2014,1605.910192,47.37507168,77.77393506
1,10,2014,1793.352957,48.59326495,85.83507432
1,11,2014,974.9073869,11.43284998,10.90922086
1,11,2014,1489.011342,21.48576392,31.93164957
1,11,2014,1788.811237,35.31642655,62.20604723
1,11,2014,1959.70939,48.97597247,95.51009588
1,11,2014,2072.983685,55.70676673,115.4028841
1,11,2014,2109.878637,66.52410979,142.5130774
1,11,2014,2194.143031,80.97399388,179.6996994
1,11,2014,2261.553166,87.36481398,203.4879995
1,11,2014,2197.998314,94.61596414,208.0734511
1,11,2014,2013.411605,88.97430373,180.2218769
1,11,2014,1842.502665,93.07976185,176.8827815
1,11,2014,1475.007487,67.8368504,104.4895835
1,11,2014,1168.67827,49.83101093,57.93428128
1,11,2014,1036.558092,31.46617804,30.23915705
1,11,2014,1129.761524,25.89405454,28.5162546
1,12,2014,1359.004392,22.94448417,30.29410761
7,14,2014,2768.51713,137.1351129,381.3853597
7,14,2014,1528.637626,111.1669004,175.0085013
7,14,2014,860.2574785,79.15309855,69.98622829
7,14,2014,1001.678735,52.37983473,54.18555693
7,14,2014,1687.037112,30.00588553,51.82627745
7,14,2014,2426.195794,51.34733412,123.7858225
7,14,2014,2790.46486,53.74798117,148.72247
7,14,2014,2878.417954,42.57842915,125.0668339
7,14,2014,3000.832672,33.40725376,98.51182851
7,14,2014,2917.203365,25.40097754,73.21700653
7,14,2014,3018.336592,165.4411497,502.9498968
7,14,2014,2694.545044,162.7287864,443.3828538
7,14,2014,1602.607135,149.0188774,256.5383253
7,14,2014,1173.120902,122.2645305,153.721877
7,14,2014,1406.877723,86.32921227,127.2699977
7,15,2014,3167.240866,160.9643192,513.8666118
7,15,2014,3034.012471,158.4766582,492.2729772
7,15,2014,943.5633712,150.1927872,145.1561205
7,15,2014,785.048473,61.01830264,48.38537832
7,15,2014,1267.955621,49.86554403,62.66450125
7,15,2014,2054.375763,85.3686614,175.7213505
7,15,2014,2556.461324,139.6017695,367.7452998
7,15,2014,2812.426898,148.3548492,427.8930579
7,15,2014,2984.222577,169.6362802,509.2676564
7,15,2014,3018.065893,157.6737828,478.2648415
7,15,2014,3007.941743,157.0344656,477.6641559
7,15,2014,2989.280973,146.9935706,447.5528692
7,15,2014,2529.348872,150.1035246,389.3637549
7,15,2014,1590.480475,145.8028207,241.0122189
7,15,2014,1239.822415,113.8802137,154.2536265
7,16,2014,3123.534386,145.9584313,456.5312766
7,16,2014,3183.841247,139.226229,448.2829804
7,16,2014,3055.256134,156.3861101,482.9689103
7,16,2014,1960.634772,175.0362319,356.188756
7,16,2014,981.2663247,130.8029149,127.9874123
7,16,2014,895.2150709,57.40045402,55.24653039
7,16,2014,1527.175076,44.06916484,67.93323258
7,16,2014,2239.193788,93.65130171,212.4755696
7,16,2014,2684.273243,133.644335,364.0726098
8,15,2014,5129.891447,201.7542423,999.6039722
8,16,2014,4241.282885,251.5220606,1048.693747
8,20,2014,4546.657178,205.7503099,928.3640523
8,21,2014,4932.024941,195.7035656,931.5345634
8,25,2014,6107.801131,179.7087668,1063.440399
8,30,2014,4616.191611,157.428208,717.336103
9,1,2014,4646.93539,171.7302109,779.7830737
9,5,2014,4609.474459,158.2864168,727.078965
9,6,2014,4423.770554,147.0025615,661.0588294
9,9,2014,4773.543901,151.9818584,722.1517215
9,11,2014,4740.682478,151.2473649,712.4579925
9,14,2014,4546.860238,97.3782969,442.7306206
9,16,2014,4733.121603,151.5090508,723.8912737
9,19,2014,4745.421696,154.0993158,714.523714
9,21,2014,4445.704296,126.841522,562.2791208
9,24,2014,4849.08169,143.371033,698.4466879
9,25,2014,4131.091655,119.0216022,494.5033312
9,26,2014,4725.234845,141.1593709,667.6036176
9,28,2014,4791.990132,136.2262045,642.3319967
10,1,2014,4748.518411,124.3265056,577.6229664
10,2,2014,4720.238102,127.0050657,597.0383573
10,5,2014,4685.988408,140.8440798,633.5223197
10,7,2014,4219.816324,121.445753,511.0947252
10,10,2014,4756.78353,147.4371053,707.6183813
10,12,2014,4180.983197,134.4018573,554.4119681
10,15,2014,4453.15484,132.2329753,582.2618224
10,16,2014,4510.096848,140.8583127,645.2507969
10,19,2014,4247.704798,132.15423,570.7120046
10,20,2014,3849.907846,106.2891583,419.514638
10,23,2014,3912.820796,119.7605906,480.1217893
10,24,2014,3166.918667,108.9317379,342.8442837
10,27,2014,3552.17069,86.73984825,313.789225
10,28,2014,3770.262634,90.84243172,338.2081415
8,16,2015,1848.693522,35.07444368,11.04335114
8,18,2015,2066.73846,26.96287004,11.48396134
8,19,2015,2080.315671,28.47863815,11.7692824
8,21,2015,2466.835291,25.17502021,12.08148591
8,22,2015,2780.763431,43.9455732,13.13537095
8,25,2015,2505.201533,23.26407891,10.98950921
8,27,2015,1138.783696,51.85212522,4.012712851
8,29,2015,2941.385855,143.6596492,11.86604324
8,30,2015,2035.185533,41.00912325,7.827068179
9,1,2015,3166.900468,21.10842108,13.6754112
9,2,2015,2560.349844,29.27420571,11.06901358
9,4,2015,1218.555724,23.82489868,5.6636775
9,5,2015,2777.883204,20.23754049,11.4217861
9,7,2015,2689.673078,28.63713842,11.81941074
9,8,2015,2861.766006,20.95465287,12.53437585
9,10,2015,2684.00759,23.5509732,11.67190148
9,11,2015,2243.44748,216.4096792,10.07010537
9,13,2015,2347.887043,22.3502794,10.6244579
9,14,2015,1926.150555,37.97083872,8.519609558
9,16,2015,3012.805972,23.15232148,11.54190737
9,18,2015,2259.397991,31.83395017,11.2335641
9,20,2015,2865.035524,20.73575691,12.03201012
9,21,2015,3152.636118,21.04864637,13.36044234
9,23,2015,2938.473113,20.56643541,11.6558415
9,24,2015,2782.863229,58.40657758,10.89339121
9,26,2015,2733.004595,62.42515112,10.40549371
9,27,2015,4284.453736,74.18601383,8.551677584
9,29,2015,2122.943593,16.87978257,7.330355127
9,30,2015,1323.985778,25.07022962,4.896325237
10,3,2015,2574.673188,17.61492663,8.987592373
10,5,2015,2851.735824,17.99085403,10.10686802
10,6,2015,2935.423579,21.16986137,10.42795971
10,8,2015,3372.713502,18.3502915,10.58343548
10,9,2015,2618.347022,15.24656142,5.843379394
10,11,2015,3328.373816,19.99041186,12.65050522
10,12,2015,2032.435475,37.43648368,7.404538419
10,14,2015,2842.629494,16.86224408,9.488660116
10,15,2015,1827.388884,17.15671146,6.128577895
10,18,2015,3103.005724,25.91724132,9.715048602
10,19,2015,2946.664122,16.17565416,9.710099272
10,21,2015,2809.662504,66.88267327,9.081760971
10,22,2015,2984.751907,16.08145516,9.30805557
10,25,2015,2940.017504,189.4469293,9.544446271
10,26,2015,1972.265856,20.15986681,5.128328173
10,28,2015,1889.451901,23.15851747,5.075494802
10,29,2015,984.8425575,43.08078353,2.151164282
10,31,2015,1179.822382,12.430311,3.019096789
11,2,2015,2124.852657,16.07421252,6.137223133
11,3,2015,2195.68251,67.42401142,6.427463143
11,5,2015,2542.657278,94.75942272,7.363980333
11,6,2015,2101.726419,100.808111,4.994424947
11,8,2015,1914.063949,12.52090605,4.755847568
11,9,2015,1802.231079,64.9729569,3.492670731
11,10,2015,2441.105767,14.44276082,7.088438236
11,11,2015,388.9301598,5.483447018,0.422032244
11,13,2015,2409.951774,88.63280045,6.065682242
11,14,2015,590.0140707,11.98114938,0.70953117
11,16,2015,1998.52089,12.18089766,4.927634961
8,15,2016,3527.103415,26.53090948,12.62759264
8,16,2016,2322.226994,13.99099188,7.329856184
8,18,2016,2754.53012,20.34388285,11.35012764
8,19,2016,786.7233904,18.43028308,2.599380965
8,21,2016,1384.653991,15.4462416,3.270844329
8,22,2016,2151.791602,20.41604548,9.614161374
8,24,2016,2001.622021,42.77802426,9.62666503
8,25,2016,2975.672121,62.38258009,12.83615462
8,27,2016,3338.119032,23.09171117,12.86882001
8,28,2016,2849.742689,21.28867959,12.00412964
8,30,2016,3078.215104,19.91490537,12.37721038
8,31,2016,2145.568304,27.22037448,9.202004074
9,2,2016,3326.601466,26.44455072,12.23677572
9,3,2016,1729.78666,26.84315581,7.222415304
9,5,2016,2300.553051,18.90554466,9.055033318
9,6,2016,2422.207423,23.70258121,9.546184816
9,8,2016,2696.189219,34.4195037,9.944867545
9,9,2016,2907.374504,18.20585105,10.31600581
9,11,2016,2943.456686,26.52441199,10.92472288
9,12,2016,2958.096313,19.96233205,11.04576433
9,14,2016,3529.153783,23.97497158,13.65856049
9,15,2016,2637.96507,53.08170161,9.799251468
9,16,2016,2046.26213,22.34527335,8.827818364
9,18,2016,27.53604588,10.52890433,0.061406442
9,18,2016,1.934362417,15.66471848,0.00550005
9,18,2016,3311.534297,20.47188348,13.44717158
9,19,2016,2167.901476,23.29174431,10.14889142
9,22,2016,3632.609887,17.01914675,12.99194548
9,23,2016,4073.144741,30.16642826,18.12809008
9,24,2016,2969.953554,20.48968988,11.87134817
9,25,2016,3708.815243,37.72628241,15.1790782
9,27,2016,3925.596963,19.51928266,15.52027189
9,28,2016,3429.031454,40.27722237,12.93461764
9,30,2016,3621.032363,27.88476971,13.0397174
10,1,2016,3086.09229,17.68491582,11.32143268
10,3,2016,2799.298525,16.25134393,9.518452333
10,4,2016,1530.19278,17.80665801,5.636775491
10,6,2016,3710.623505,18.07244194,13.91351949
10,7,2016,4382.061715,140.4861926,16.76484697
10,9,2016,4413.15515,111.439339,16.72072377
10,10,2016,4040.232186,18.14595746,14.79094621
10,12,2016,4510.450683,52.03391139,12.29029245
10,13,2016,3727.05316,17.8048697,9.130647826
10,15,2016,4189.618189,20.93687249,14.63599601
10,17,2016,3635.656616,14.39954457,10.76526769
10,19,2016,3841.600406,14.8987245,11.41393363
10,20,2016,5570.243087,58.42235176,15.39274427
10,22,2016,4368.295117,27.06516736,14.96855855
10,23,2016,3868.263004,16.90261335,12.87230636
10,25,2016,4229.004578,15.05898762,13.33334333
10,26,2016,3424.073697,338.914726,8.664442586
10,28,2016,3991.041958,23.10312407,12.48020572
10,29,2016,3436.258148,22.98929938,9.358863797
10,31,2016,3698.937154,13.13265438,9.954601006
11,1,2016,3042.985349,13.66555844,8.570690822
11,3,2016,3668.738285,22.43666419,10.69528083
11,4,2016,3151.677138,14.33301107,8.909748117
11,6,2016,3602.371583,13.95061845,10.15847897
11,7,2016,3562.695806,13.10097952,9.630516373
11,9,2016,3742.647449,12.81455513,9.808043077
11,10,2016,3549.963797,13.13367931,8.89589353
11,12,2016,3794.996552,16.82697567,9.414931798
8,9,2017,5150.421648,20.76579304,20.49910103
8,9,2017,4314.460421,33.6275983,17.95449302
8,10,2017,3905.094243,36.25562324,18.38075927
8,10,2017,3927.158239,100.5888597,18.25098357
8,12,2017,3739.112231,42.38168677,16.53688754
8,12,2017,4004.515981,35.74207503,17.78747613
8,13,2017,4761.195039,28.06933457,23.39401791
8,15,2017,4712.726085,22.63036198,21.17133142
8,16,2017,6952.074638,28.09398964,15.83894975
8,18,2017,4438.340946,21.64139359,19.05282966
8,19,2017,4071.669527,19.11989671,16.35881933
8,21,2017,3621.152291,73.44729764,13.94223098
8,21,2017,3122.22565,19.36829024,12.78469588
8,22,2017,3374.581721,19.02330844,13.03700455
8,24,2017,4033.719819,17.08963864,14.96554636
8,25,2017,3922.33302,18.95431848,14.66709224
8,27,2017,4370.73442,25.51357339,16.66476444
8,28,2017,4504.633274,22.64079063,17.34115696
8,30,2017,4120.01441,35.63780578,14.9295385
8,31,2017,4524.479688,45.56965146,15.18937586
9,2,2017,4165.69943,50.73105238,13.44688181
9,3,2017,4075.996096,175.969012,12.2630073
9,5,2017,4059.097077,25.34722174,13.73597134
9,6,2017,3465.946826,379.3404402,10.53696276
9,8,2017,4048.105506,16.66590803,14.14056338
9,9,2017,3853.306923,17.38392555,12.17596162
9,11,2017,4035.219232,79.64514999,12.24615192
9,12,2017,4846.908823,98.60869301,15.99146438
9,14,2017,4392.016473,25.1561677,13.50889971
9,17,2017,4146.027323,110.0138065,12.33626622
9,18,2017,3697.621797,28.09121472,10.3713178
9,20,2017,3467.323854,13.88630428,8.840923359
9,21,2017,2404.855317,13.53148512,1.974001625
9,23,2017,3419.369901,16.86196773,9.564375057
9,24,2017,4354.088659,26.93803753,14.45339157
9,26,2017,3895.673295,37.41325055,12.27712273
9,27,2017,4411.685907,44.44193907,14.5192246
