Date,2005,2006,2007,2008,2009,2010,2011,2012
01-Jan,0.011734737,0.02661614,NaN,0.062422389,0.024306203,0.010309493,0.029422011,0.036241976
02-Jan,0.011884865,0.029694681,NaN,0.059884471,0.026568537,0.013132811,0.028097703,0.036157277
03-Jan,0.014136073,0.03137759,NaN,0.055535393,0.024362025,0.01411505,0.030146593,0.037349442
04-Jan,0.014765425,0.033628408,NaN,0.058690863,0.023363117,0.015544209,0.026702665,0.040918904
05-Jan,0.008319166,0.035815284,NaN,0.046947174,0.023142841,0.014692651,0.023450061,0.033731809
06-Jan,0.010794399,0.031589916,NaN,0.046570556,0.021242318,0.016681904,0.022621379,0.032909378
07-Jan,0.006393223,0.026717107,NaN,0.047324492,0.018459189,0.017176288,0.020916669,0.028205999
08-Jan,0.006698598,0.03127159,NaN,0.045195661,0.013823482,0.017011045,0.017284785,0.029141684
09-Jan,0.00483705,0.028142686,NaN,0.048334072,0.015162232,0.018626825,0.024766059,0.024352114
10-Jan,0.005206188,0.022578131,NaN,0.044077885,0.01229413,0.012928562,0.02621229,0.025240775
11-Jan,0.006654771,0.021246124,NaN,0.046696017,0.016190174,0.015920944,0.031089983,0.024499439
12-Jan,0.00626337,0.024032108,NaN,0.04569452,0.01252239,0.009087221,0.039934551,0.021896355
13-Jan,0.005455735,0.026919387,NaN,0.046319868,0.012936401,0.006906377,0.031832876,0.024499439
14-Jan,0.007051601,0.021624196,NaN,0.044698073,0.012844052,0.011327402,0.029113936,0.024058413
15-Jan,0.009017667,0.02413001,NaN,0.044698073,0.014107236,0.011871119,0.019785441,0.027128136
16-Jan,0.010404007,0.024032108,NaN,0.046821557,0.014872258,0.012928562,0.007365284,0.023329713
17-Jan,0.010745417,0.025513175,NaN,0.032811108,0.014920471,0.009599076,0.022348173,0.024647078
18-Jan,0.012642079,0.024621321,NaN,0.025610038,0.014920471,0.010213956,0.021448423,0.024058413
19-Jan,0.008550541,0.02325324,NaN,0.031201109,0.014872258,0.013389373,0.019188206,0.023257282
20-Jan,0.003769406,0.023934326,NaN,0.03467371,0.01401246,0.009365445,0.012890983,0.022609003
21-Jan,0.003057349,0.02325324,NaN,0.026817973,0.015065388,0.010357355,0.008323114,0.019807552
22-Jan,0.003616653,0.020496062,NaN,0.02915909,0.014059824,0.010357355,0.006616725,0.025315339
23-Jan,0.006091204,0.018657073,NaN,0.028597589,0.011527514,0.010549418,0.01052592,0.018523506
24-Jan,0.006698598,0.017490152,NaN,0.034790908,0.010427381,0.010597587,0.008207664,0.021261928
25-Jan,0.006436644,0.018476069,NaN,0.02714963,0.01229413,0.006273258,0.009273072,0.018323566
26-Jan,0.007408762,0.010689261,NaN,0.028597589,0.013494622,0.003777774,0.013390072,0.013166099
27-Jan,0.007679297,0.010384217,NaN,0.028261904,0.010688399,0.007953708,0.021896193,0.021825537
28-Jan,0.007860898,0.012333608,NaN,0.035378264,0.010907378,0.010936478,0.005954506,0.022896324
29-Jan,0.007051601,0.013386432,NaN,0.037750129,0.010688399,0.006524465,0.006826868,0.018925691
30-Jan,0.005962815,0.014047123,NaN,0.034089097,0.011393768,0.003562676,0.008439298,0.022680712
31-Jan,0.005413956,0.013798237,NaN,0.026817973,0.008007164,0.006693455,0.010205936,0.029692487
01-Feb,0.00435493,0.011698829,NaN,0.015080781,0.01047075,0.008537878,0.00666898,0.024425737
02-Feb,0.005707966,0.011074294,NaN,0.022382931,0.010688399,0.006440424,0.00951785,0.01467416
03-Feb,0.004394654,0.011151793,NaN,0.027371257,0.012844052,0.005657503,0.013032699,0.014551389
04-Feb,0.003315638,0.016520754,NaN,0.017540204,0.010863476,0.007294279,0.006564658,0.023474816
05-Feb,0.001904528,0.013059716,NaN,0.020807999,0.007452307,0.010118668,0.007201805,0.021261928
06-Feb,0.002143567,0.013715575,NaN,0.022488865,0.006454172,0.012270981,0.010333389,0.022968355
07-Feb,0.004157582,0.007555886,NaN,0.019260175,0.008696657,0.004405807,0.010590457,0.01899302
08-Feb,0.002143567,0.010460227,NaN,0.021225376,0.009613697,0.004368125,0.015319092,0.013642354
09-Feb,0.002531437,0.007281534,NaN,0.020082241,0.007688645,0.007424886,0.013824725,0.010821466
10-Feb,0.002527939,0.011463416,NaN,0.02196036,0.006567139,0.009179702,0.011850679,0.012405089
11-Feb,0.001101712,0.004716375,NaN,0.020600033,0.006529418,0.009834306,0.014191762,0.008593945
12-Feb,0.002948166,0.007281534,NaN,0.018547454,0.007140643,0.00561709,0.000843164,0.017992047
13-Feb,0.003465385,0.008899913,NaN,0.018852145,0.008778884,0.004787528,0.004726264,0.012754326
14-Feb,0.004877752,0.011856572,NaN,0.017041506,0.007767913,0.004557432,0.004118777,0.014920797
15-Feb,0.00435493,0.01084278,NaN,0.018953963,0.009740857,0.005819963,0.002946647,0.017010459
16-Feb,0.003962388,0.01061275,NaN,0.010174018,0.010039493,0.003491765,0.009151773,0.01510673
17-Feb,0.003130648,0.007145513,NaN,0.018547454,0.007334968,0.001629809,0.005904886,0.01535591
18-Feb,0.003278443,0.009118119,NaN,0.02528285,0.003705225,0.00293918,0.006616725,0.013522728
19-Feb,0.004554381,0.007010271,NaN,0.022594913,0.010732088,0.003108997,0.004504938,0.010601551
20-Feb,0.002340779,0.007145513,NaN,0.016348971,0.007295978,0.003562676,0.004035108,0.010274695
21-Feb,0.001678634,0.001931093,NaN,0.022594913,0.00511057,0.006524465,0.002016088,0.011547174
22-Feb,0.002371739,0.004129891,NaN,0.016447497,0.00865563,0.006693455,0.005904886,0.014797296
23-Feb,0.00435493,0.003136114,NaN,0.011881411,0.009068489,0.004143949,0.005708299,0.010601551
24-Feb,0.004275736,0.004597206,NaN,0.010706548,0.006909523,0.004748959,0.007753224,0.011434441
25-Feb,0.003654703,0.008683313,NaN,0.020496231,0.006118811,0.009928842,0.008556216,0.007794213
26-Feb,0.003241346,0.010308374,NaN,0.021120852,0.005752529,0.009692978,0.0030558,0.009421013
27-Feb,0.003540831,0.005079348,NaN,0.015177489,0.005286609,0.002872004,0.008092949,0.010166552
28-Feb,0.001937332,0.007010271,NaN,0.016644958,0.004257777,0.001681483,0.015780992,0.010005101
29-Feb,NaN,NaN,NaN,0.013742144,NaN,NaN,NaN,0.008341057
01-Mar,0.000382227,0.004245296,NaN,0.010439498,0.003833164,0.001612685,0.012609672,0.005393929
02-Mar,2.71E-05,0.00131713,NaN,0.011426201,0.004936323,0.000989473,0.01151279,0.003771027
03-Mar,0.001047262,0.004303357,NaN,0.018547454,0.005357522,0.000745285,0.008092949,0.011603688
04-Mar,0.000849706,0.007418326,NaN,0.016348971,0.005393083,0.001584257,0.010016107,0.01535591
05-Mar,7.16E-05,0.013222769,NaN,0.020496231,0.004491852,0.00205235,0.003870122,0.012871502
06-Mar,0.000261192,0.011935682,NaN,0.013647639,0.005500189,0.00374168,0.006616725,0.011098605
07-Mar,0.004634739,0.005638767,NaN,0.013083799,0.006567139,0.004519392,0.007093749,0.009579071
08-Mar,0.005835067,0.0039586,NaN,0.010085878,0.006604924,0.000432542,0.004417763,0.005698597
09-Mar,0.003241346,0.007903101,NaN,0.007200933,0.00511057,0.001416706,0.001837724,0.007696207
10-Mar,0.002911977,0.008184242,NaN,0.008361575,0.004224645,0.00061981,0.002233649,0.005307976
11-Mar,0.002562963,0.013059716,NaN,0.009647858,0.003176275,0.000534273,0.001530398,0.004969101
12-Mar,0.001268797,0.010308374,NaN,0.008277358,0.003994899,0.001522216,0.001751371,0.006325525
13-Mar,0.001340752,0.009264474,NaN,0.013553285,0.003391128,0.004330534,0.001611671,0.004679152
14-Mar,7.25E-05,0.007145513,NaN,0.010885444,0.002906305,0.002350683,0.003019215,0.007647369
15-Mar,0.001707303,0.005325797,NaN,0.007859258,0.002586272,0.002046256,0.005136798,0.012059307
16-Mar,0.001816614,0.005575742,NaN,0.012156496,0.003484483,0.000293748,0.006256193,0.009631965
17-Mar,0.000965415,0.005325797,NaN,0.019875981,0.003329314,5.23E-05,0.004592888,0.012289443
18-Mar,0.000551959,0.005765458,NaN,0.020185555,0.00326784,2.32E-05,0.004504938,0.011378222
19-Mar,0.002538435,0.007010271,NaN,0.014887797,0.003737088,0.000942545,0.003394071,0.010112634
20-Mar,0.004196881,0.004537968,NaN,0.007282491,0.006947885,0.001302593,0.001723008,0.010112634
21-Mar,0.006654771,0.004896845,NaN,0.008530598,0.006341792,0.003598281,0.002528213,0.006462866
22-Mar,0.005413956,0.008539812,NaN,0.008615402,0.007570201,0.00155033,0.003129572,0.010274695
23-Mar,0.005123614,0.005387958,NaN,0.008193338,0.006718668,0.000593779,0.002561966,0.007598641
24-Mar,0.001218394,0.01084278,NaN,0.008361575,0.002876753,0.003108997,0.004160905,0.00565471
25-Mar,0.000159492,0.010081858,NaN,0.006957541,0.00326784,0.003669785,0.000926577,0.003809052
26-Mar,0.002016588,0.011385267,NaN,0.011155065,0.002965677,0.003074821,0.000637814,0.004395443
27-Mar,0.003315638,0.007281534,NaN,0.008277358,0.001557815,0.003633984,0.004726264,0.007501519
28-Mar,0.002875893,0.006411471,NaN,0.0087004,0.002557736,0.001243901,0.004861377,0.00697533
29-Mar,0.002440875,0.001940233,NaN,0.013083799,0.002388524,6.38E-05,0.007530433,0.007453124
30-Mar,0.002839914,0.003661413,NaN,0.010528341,0.001088455,0.002009799,0.014863451,0.00660125
31-Mar,0.003503061,0.002526513,NaN,0.016942166,0.000775047,0.00270598,0.006721423,0.010274695
01-Apr,0.002009956,0.008184242,NaN,0.013459082,0.000315596,0.00199164,0.007697249,0.011154331
02-Apr,0.000639384,0.00948532,NaN,0.013553285,0.00089118,0.004330534,0.006986437,0.009263889
03-Apr,0.000716618,0.00825499,NaN,0.012803957,0.002876753,0.002446192,0.004637153,0.006009159
04-Apr,0.002096576,0.009337914,NaN,0.010439498,0.004290987,0.001883657,0.003748444,0.005875345
05-Apr,0.00661101,0.006085873,NaN,0.005624063,0.006491762,0.002972929,0.003549591,0.005053075
06-Apr,0.00661101,0.005957079,NaN,0.007693434,0.004832645,0.003246747,0.002982831,0.00161469
07-Apr,0.005000332,0.010765937,NaN,0.008956543,0.002817922,0.005456248,0.00366831,0.002175674
08-Apr,0.003278443,0.012735453,NaN,0.005910345,0.003145926,0.006148694,0.003355688,0.001064499
09-Apr,0.003923613,0.009931695,NaN,0.007364261,0.002557736,0.00673589,0.00246132,0.000298724
10-Apr,0.003769406,0.014717343,NaN,0.009214391,0.001714861,0.003669785,0.005611144,0.003253096
11-Apr,0.003769406,0.007418326,NaN,0.010439498,0.003329314,0.003246747,0.0013533,0.004720193
12-Apr,0.003503061,0.008755334,NaN,0.008193338,0.004257777,0.003316243,0.001557276,0.006279978
13-Apr,0.003057349,0.009707732,NaN,0.014887797,0.003865351,0.002510451,0.009395098,0.005964436
14-Apr,0.000629243,0.006477203,NaN,0.013365031,0.004324274,0.00162124,0.009579499,0.010383243
15-Apr,0.001127726,0.003755972,NaN,0.02196036,0.004832645,0.000736111,0.006054313,0.012930232
16-Apr,0.003241346,0.002078883,NaN,0.022807356,0.005464417,0.001052178,0.004288458,0.009897978
17-Apr,0.00483705,0.000698298,NaN,0.01479152,0.005357522,0.000838738,0.002733783,0.00697533
18-Apr,0.006523692,0.001141879,NaN,0.011516914,0.006567139,0.000351928,0.003394071,0.00404003
19-Apr,0.004796427,0.001602306,NaN,0.008025896,0.006680689,0.002037125,0.001171914,0.006508879
20-Apr,0.004514325,0.002591151,NaN,0.011155065,0.006756711,0.003456459,0.001076557,0.00404003
21-Apr,0.002984458,0.005512932,NaN,0.009387225,0.00564397,0.003562676,0.001985838,0.003847213
22-Apr,0.003167448,0.013386432,NaN,0.005470698,0.004357637,0.005376318,0.00242818,0.00459745
23-Apr,0.003167448,0.012253708,NaN,0.004593812,0.003237232,0.007337743,0.004118777,0.006694083
24-Apr,0.003315638,0.013798237,NaN,0.000344024,0.004593307,0.004633779,0.005708299,0.007598641
25-Apr,0.003130648,0.006280617,NaN,0.00631815,0.003055405,0.002028005,0.010720069,0.007647369
26-Apr,0.002689965,0.007555886,NaN,0.005402005,0.003547138,0.002905537,0.009395098,0.008746961
27-Apr,0.002622758,0.004537968,NaN,0.005166946,0.002557736,0.003040751,0.010850399,0.011042978
28-Apr,0.003390319,0.004957455,NaN,0.009128254,0.001592323,0.001275821,0.009395098,0.010492196
29-Apr,0.001884908,0.002963105,NaN,0.017540204,0.003547138,0.002382401,0.0030558,0.011490758
30-Apr,0.002354527,0.004478963,NaN,0.021749775,0.004224645,0.001567268,0.004331365,0.011322101
01-May,0.003465385,0.004420192,NaN,0.01864889,0.005898231,0.002073718,0.003870122,0.007991541
02-May,0.008273068,0.002793096,NaN,0.017841011,0.006680689,0.003669785,0.008035867,0.009526282
03-May,0.006786452,0.002671379,NaN,0.012248513,0.009402878,0.003850249,0.003748444,0.007260659
04-May,0.005962815,0.006021372,NaN,0.0138368,0.00944493,0.004519392,0.003019215,0.00548037
05-May,0.003093948,0.009264474,NaN,0.011881411,0.010039493,0.008857167,0.004288458,0.00565471
06-May,0.003578695,0.011074294,NaN,0.007942476,0.006756711,0.010118668,0.003317503,0.002661618
07-May,0.001826334,0.018657073,NaN,0.007610829,0.006155809,0.009881543,0.0061045,0.002430525
08-May,0.002768274,0.015396917,NaN,0.011972944,0.005934827,0.006440424,0.007530433,0.005222515
09-May,0.004157582,0.008325921,NaN,0.015663156,0.005286609,0.004826183,0.006004315,0.007501519
10-May,0.003578695,0.005892995,NaN,0.016054219,0.005428715,0.004942668,0.014414086,0.007843381
11-May,0.004236266,0.008184242,NaN,0.022488865,0.004832645,0.003813963,0.014339803,0.009526282
12-May,0.004755884,0.008325921,NaN,0.032118816,0.003641743,0.001254516,0.010590457,0.012405089
13-May,0.00384633,0.006942944,NaN,0.030858563,0.00490169,0.001693027,0.010461563,0.011210155
14-May,0.004275736,0.005957079,NaN,0.028934187,0.004867131,0.001845079,0.002982831,0.010932023
15-May,0.003503061,0.003728085,NaN,0.023126879,0.005040654,0.002805264,0.003317503,0.010546823
16-May,0.005330622,0.001976923,NaN,0.030972648,0.007063351,0.001952453,0.005708299,0.009263889
17-May,0.006005541,0.004896845,NaN,0.035967884,0.007927173,0.001931442,0.004548816,0.009421013
18-May,0.00661101,0.00776365,NaN,0.032579965,0.008737741,0.002772058,0.00366831,0.007022602
19-May,0.006177147,0.006411471,NaN,0.036915935,0.009487038,0.004443579,0.006512777,0.010166552
20-May,0.003807823,0.016520754,NaN,0.037272919,0.011304863,0.004218308,0.009641328,0.008341057
21-May,0.002732614,0.013633063,NaN,0.032579965,0.007530842,0.006906377,0.011047238,0.00844189
22-May,0.00258403,0.018747775,NaN,0.033739436,0.008208187,0.011970737,0.015014635,0.008090861
23-May,0.002839914,0.012735453,NaN,0.037989259,0.006718668,0.007909253,0.022988005,0.009631965
24-May,0.002679327,0.005892995,NaN,0.038108955,0.006192873,0.005376318,0.018766721,0.009159662
25-May,0.003769406,0.006021372,NaN,0.045569687,0.00804725,0.005020753,0.020653075,0.011717008
26-May,0.003578695,0.00948532,NaN,0.049094476,0.007688645,0.003108997,0.022348173,0.010821466
27-May,0.003884927,0.008468333,NaN,0.047828666,0.011706565,0.001275821,0.016092395,0.014551389
28-May,0.005082442,0.009707732,NaN,0.046696017,0.014154695,0.002805264,0.022804357,0.020288276
29-May,0.005372252,0.010536405,NaN,0.046947174,0.018820039,0.002350683,0.016644012,0.017992047
30-May,0.008830124,0.012413665,NaN,0.045819432,0.023197851,0.003996346,0.01696302,0.020013076
31-May,0.011386176,0.011463416,NaN,0.039310675,0.021618519,0.003777774,0.016014284,0.01899302
01-Jun,0.01064761,0.015912637,NaN,0.03739209,0.019339141,0.005697998,0.015242717,0.016816496
02-Jun,0.008457814,0.015226156,NaN,0.030062706,0.026225372,0.008311831,0.016249135,0.013882726
03-Jun,0.004959393,0.012897276,NaN,0.028485592,0.024697756,0.008447256,0.017043203,0.015044662
04-Jun,0.005962815,0.016259289,NaN,0.023768991,0.021188736,0.006992065,0.016170679,0.01436792
05-Jun,0.006698598,0.018929577,NaN,0.027927139,0.020655147,0.006356688,0.012609672,0.011098605
06-Jun,0.004918533,0.020402879,NaN,0.038588607,0.01970501,0.008674316,0.020478191,0.013762354
07-Jun,0.004118369,0.019386393,NaN,0.037153836,0.020389882,0.007381278,0.026801236,0.015985158
08-Jun,0.004877752,0.015140991,NaN,0.042966626,0.019130994,0.004595561,0.028807339,0.022896324
09-Jun,0.004634739,0.013550701,NaN,0.055535393,0.01887176,0.006693455,0.027896431,0.026670773
10-Jun,0.005877578,0.013964012,NaN,0.053583932,0.018562076,0.006231659,0.028097703,0.026670773
11-Jun,0.005455735,0.012735453,NaN,0.063902756,0.016289117,0.004595561,0.024010052,0.035146391
12-Jun,0.008089277,0.011698829,NaN,0.07156076,0.01688654,0.003040751,0.024010052,0.030885046
13-Jun,0.009253376,0.010384217,NaN,0.073645518,0.021028233,0.004405807,0.013679138,0.033484324
14-Jun,0.009968856,0.011074294,NaN,0.068528415,0.021081693,0.004672084,0.022712784,0.031689303
15-Jun,0.009872747,0.011541726,NaN,0.077432562,0.020868095,0.006693455,0.018766721,0.029063297
16-Jun,0.007860898,0.011777621,NaN,0.064713595,0.02076154,0.005819963,0.023916302,0.028051107
17-Jun,0.008273068,0.013141166,NaN,0.069214913,0.020336952,0.01050131,0.022530142,0.024352114
18-Jun,0.006654771,0.01130728,NaN,0.067843504,0.022431265,0.019535564,0.028502222,0.024647078
19-Jun,0.00661101,0.016959318,NaN,0.071976602,0.024697756,0.015276661,0.028705469,0.027434575
20-Jun,0.008089277,0.016695763,NaN,0.077432562,0.022159356,0.014271935,0.031195621,0.027128136
21-Jun,0.008227031,0.013633063,NaN,0.0798393,0.020389882,0.010071118,0.034329933,0.024058413
22-Jun,0.008970695,0.011856572,NaN,0.091974368,0.020020237,0.01050131,0.046175082,0.026746808
23-Jun,0.008830124,0.009337914,NaN,0.093445048,0.019027174,0.011474981,0.04770322,0.031608547
24-Jun,0.007634052,0.008972471,NaN,0.091680881,0.024083299,0.00922604,0.049775935,0.030805024
25-Jun,0.01294798,0.011385267,NaN,0.098187103,0.024529719,0.009881543,0.0536348,0.036411585
26-Jun,0.014240521,0.012014952,NaN,0.098187103,0.025203916,0.009505431,0.045043871,0.033237486
27-Jun,0.020926076,0.012897276,NaN,0.098038096,0.026396788,0.008447256,0.042697816,0.031770131
28-Jun,0.019227776,0.016172415,NaN,0.0949211,0.027316613,0.008628769,0.035554476,0.035314165
29-Jun,0.018892169,0.021057846,NaN,0.092561992,0.026625861,0.007556137,0.033342596,0.036157277
30-Jun,0.020868931,0.017490152,NaN,0.081976932,0.027838128,0.006820985,0.038759448,0.036496494
01-Jul,0.02225032,0.02077638,NaN,0.080692785,0.028070855,0.007337743,0.040171489,0.031770131
02-Jul,0.022424431,0.026919387,NaN,0.078138656,0.027838128,0.00858329,0.043309654,0.032337974
03-Jul,0.026272066,0.026717107,NaN,0.07225414,0.028538041,0.011524293,0.067337789,0.022251666
04-Jul,0.026332351,0.02834816,NaN,0.077714822,0.026970577,0.01411505,0.066290794,0.026443128
05-Jul,0.031381549,0.03849374,NaN,0.07785604,0.027028158,0.014010729,0.073932812,0.026899109
06-Jul,0.03245354,0.055218909,NaN,0.079555272,0.026454001,0.014429304,0.069150008,0.034394926
07-Jul,0.03372532,0.065819701,NaN,0.08571278,0.021564656,0.012371522,0.080318726,0.041450905
08-Jul,0.034686553,0.067952673,NaN,0.084127534,0.020868095,0.015597874,0.097863613,0.046162606
09-Jul,0.037672822,0.067684929,NaN,0.089340829,0.022649504,0.012270981,0.101452595,0.054733398
10-Jul,0.038527043,0.063182611,NaN,0.095364956,0.026168307,0.010839349,0.089149631,0.054439429
11-Jul,0.038527043,0.060707798,NaN,0.098038096,0.025147524,0.005536505,0.07950732,0.057903833
12-Jul,0.040115659,0.057242897,NaN,0.088321475,0.028538041,0.006440424,0.068392252,0.061852668
13-Jul,0.038461176,0.055218909,NaN,0.103284205,0.035250745,0.007512315,0.069150008,0.063913342
14-Jul,0.036888287,0.059546003,NaN,0.096847925,0.036064116,0.007732132,0.069302016,0.0587063
15-Jul,0.037345466,0.066750346,NaN,0.099231618,0.040212717,0.009928842,0.068998153,0.054733398
16-Jul,0.036562534,0.060190608,NaN,0.094625462,0.043228739,0.010118668,0.071909383,0.052397434
17-Jul,0.036497464,0.070241334,NaN,0.097145152,0.049313712,0.013647315,0.070370324,0.050097858
18-Jul,0.033470057,0.070376673,NaN,0.099082245,0.05420825,0.014587152,0.082775441,0.043693679
19-Jul,0.029263072,0.072552759,NaN,0.08875801,0.05279574,0.017066077,0.080807371,0.045242577
20-Jul,0.027058259,0.076825366,NaN,0.091827597,0.051394425,0.018796291,0.084099464,0.043241774
21-Jul,0.025730957,0.077521381,NaN,0.095661126,0.050004427,0.019707292,0.087451339,0.045885907
22-Jul,0.022773596,0.069970893,NaN,0.100128945,0.051394425,0.016956064,0.097863613,0.04234298
23-Jul,0.024597299,0.068220736,NaN,0.090509106,0.046444312,0.019079685,0.099650743,0.042971433
24-Jul,0.024834974,0.066617155,NaN,0.101478426,0.046376621,0.015170006,0.097863613,0.046810527
25-Jul,0.024241786,0.0741979,NaN,0.12314594,0.049313712,0.022213965,0.110681873,0.048115953
26-Jul,0.028155646,0.083299536,NaN,0.127878059,0.05420825,0.021506037,0.108806758,0.037178294
27-Jul,0.031948031,0.090951804,NaN,0.12946455,0.059967923,0.020224979,0.101452595,0.048303481
28-Jul,0.040648494,0.099254163,NaN,0.131055549,0.058511784,0.02492458,0.093809213,0.046532454
29-Jul,0.050087261,0.10106152,NaN,0.118611174,0.059967923,0.020109614,0.097863613,0.051626842
30-Jul,0.058504329,0.106082185,NaN,0.111499955,0.060699988,0.027909459,0.097863613,0.047928684
31-Jul,0.061424987,0.106082185,NaN,0.112883254,0.059967923,0.030661631,0.091034923,0.045426057
01-Aug,0.059960523,0.10885153,NaN,0.115197476,0.05420825,0.034418508,0.087789807,0.048679312
02-Aug,0.059231386,0.110399342,NaN,0.10752608,0.057787735,0.033817309,0.078216882,0.047182205
03-Aug,0.061424987,0.116656089,NaN,0.119858209,0.05420825,0.040308732,0.096091229,0.055224595
04-Aug,0.064378308,0.116656089,NaN,0.119234314,0.056347748,0.04178581,0.116394643,0.054146021
05-Aug,0.063636961,0.118236474,NaN,0.137464047,0.057066385,0.052073903,0.118327969,0.06380974
06-Aug,0.064378308,0.11195374,NaN,0.147207238,0.057066385,0.041715137,0.132266057,0.057703829
07-Aug,0.071899308,0.11195374,NaN,0.155442532,0.060699988,0.035022654,0.149056329,0.073914438
08-Aug,0.065866962,0.10501106,NaN,0.160432939,0.061434698,0.035427042,0.153396315,0.075008481
09-Aug,0.060691728,0.103486594,NaN,0.168830345,0.065147495,0.030402585,0.142652931,0.085108212
10-Aug,0.070379745,0.107156589,NaN,0.168830345,0.062912006,0.027594167,0.134314797,0.080563606
11-Aug,0.069622804,0.110399342,NaN,0.162104474,0.062172042,0.028099113,0.124214856,0.089740625
12-Aug,0.074192699,0.10885153,NaN,0.165459506,0.060699988,0.030208704,0.14054696,0.083963775
13-Aug,0.070379745,0.113514687,NaN,0.158765422,0.062912006,0.029244518,0.116394643,0.077213619
14-Aug,0.078051786,0.116656089,NaN,0.162104474,0.063654577,0.033086543,0.128211664,0.073914438
15-Aug,0.07882903,0.127852227,NaN,0.16714296,0.065897818,0.033883962,0.146907634,0.07066671
16-Aug,0.077276339,0.142693389,NaN,0.163780003,0.065897818,0.04065907,0.166755748,0.072826112
17-Aug,0.077276339,0.152856597,NaN,0.165459506,0.059967923,0.039959243,0.173625557,0.06216024
18-Aug,0.073426376,0.1511481,NaN,0.170521638,0.057066385,0.051174067,0.175943542,0.062674061
19-Aug,0.079608059,0.152856597,NaN,0.17221682,0.056347748,0.040448766,0.19498995,0.072826112
20-Aug,0.073426376,0.154570885,NaN,0.180750334,0.058511784,0.048427393,0.212384005,0.062777005
21-Aug,0.08117144,0.146057612,NaN,0.185915819,0.057787735,0.043706509,0.214924047,0.072826112
22-Aug,0.08117144,0.161485438,NaN,0.19459895,0.055631837,0.043634943,0.217477839,0.067154445
23-Aug,0.083529676,0.154570885,NaN,0.19285501,0.061434698,0.039123946,0.217477839,0.073914438
24-Aug,0.088292675,0.1511481,NaN,0.19459895,0.062912006,0.035494566,0.227830221,0.076108216
25-Aug,0.092308152,0.1511481,NaN,0.201610754,0.062912006,0.031900423,0.251921971,0.087413528
26-Aug,0.093925888,0.159748239,NaN,0.180750334,0.065897818,0.036103893,0.246473006,0.08169145
27-Aug,0.097180818,0.159748239,NaN,0.187645095,0.063654577,0.047912536,0.233088542,0.078324668
28-Aug,0.09963881,0.156290938,NaN,0.177325487,0.0666507,0.044567838,0.246473006,0.075008481
29-Aug,0.093116203,0.156290938,NaN,0.175618764,0.065897818,0.048353748,0.246473006,0.073914438
30-Aug,0.089092441,0.16497681,NaN,0.173915868,0.064399745,0.054038465,0.246473006,0.071743528
31-Aug,0.086698196,0.173803159,NaN,0.165459506,0.063654577,0.069231058,0.238401469,0.071743528
01-Sep,0.08431923,0.179165198,NaN,0.168830345,0.059967923,0.06599707,0.243768892,0.076108216
02-Sep,0.086698196,0.179165198,NaN,0.163780003,0.05420825,0.070046267,0.246473006,0.079441338
03-Sep,0.08431923,0.172026791,NaN,0.173915868,0.05420825,0.071684641,0.254666797,0.082824847
04-Sep,0.083529676,0.17025595,NaN,0.16714296,0.060699988,0.069231058,0.268593832,0.088574365
05-Sep,0.083529676,0.158016731,NaN,0.177325487,0.063654577,0.069231058,0.268593832,0.088574365
06-Sep,0.085110507,0.158016731,NaN,0.177325487,0.061434698,0.053204827,0.271419731,0.092089338
07-Sep,0.087494591,0.147748581,NaN,0.184190254,0.059238518,0.054875708,0.260197068,0.107872041
08-Sep,0.08431923,0.1511481,NaN,0.18246842,0.062172042,0.043849737,0.254666797,0.110377972
09-Sep,0.085110507,0.1511481,NaN,0.184190254,0.065897818,0.039610604,0.251921971,0.111638579
10-Sep,0.090696982,0.1511481,NaN,0.189378064,0.069687593,0.057331598,0.251921971,0.100477754
11-Sep,0.09555013,0.159748239,NaN,0.180750334,0.069687593,0.05888166,0.243768892,0.101697167
12-Sep,0.104597158,0.161485438,NaN,0.173915868,0.074317801,0.062016076,0.241078375,0.099263571
13-Sep,0.104597158,0.159748239,NaN,0.16714296,0.076665969,0.067608667,0.246473006,0.105386601
14-Sep,0.096364672,0.177372385,NaN,0.170521638,0.076665969,0.066801512,0.262982488,0.089740625
15-Sep,0.091501743,0.182767118,NaN,0.177325487,0.076665969,0.07582637,0.279978185,0.094459504
16-Sep,0.089092441,0.175585031,NaN,0.179036017,0.069687593,0.074161893,0.282857881,0.080563606
17-Sep,0.086698196,0.172026791,NaN,0.180750334,0.065897818,0.070046267,0.294510731,0.09091229
18-Sep,0.090696982,0.166730936,NaN,0.173915868,0.063654577,0.064396385,0.306377511,0.079441338
19-Sep,0.090696982,0.166730936,NaN,0.177325487,0.065897818,0.069231058,0.300417427,0.083963775
20-Sep,0.093925888,0.156290938,NaN,0.187645095,0.070453101,0.05888166,0.309377545,0.09091229
21-Sep,0.093116203,0.152856597,NaN,0.19459895,0.073539942,0.059661002,0.327656902,0.099263571
22-Sep,0.091501743,0.1511481,NaN,0.20337263,0.076665969,0.046960463,0.333856096,0.120603926
23-Sep,0.100461302,0.149445419,NaN,0.201610754,0.081427066,0.065195356,0.352770669,0.116731561
24-Sep,0.102938163,0.154570885,NaN,0.206906976,0.081427066,0.057331598,0.321510686,0.116731561
25-Sep,0.105428962,0.161485438,NaN,0.201610754,0.076665969,0.05199875,0.315417537,0.118017364
26-Sep,0.100461302,0.16497681,NaN,0.199852431,0.080627619,0.054114429,0.321510686,0.105386601
27-Sep,0.097180818,0.161485438,NaN,0.191114709,0.079830531,0.059661002,0.318457472,0.104151609
28-Sep,0.097180818,0.17025595,NaN,0.180750334,0.080627619,0.060443197,0.327656902,0.100477754
29-Sep,0.089893879,0.16497681,NaN,0.180750334,0.079830531,0.06280673,0.321510686,0.094459504
30-Sep,0.093925888,0.179165198,NaN,0.18246842,0.075098098,0.065195356,0.34010818,0.076108216
01-Oct,0.089092441,0.182767118,NaN,0.175618764,0.073539942,0.069231058,0.333856096,0.105386601
02-Oct,0.091501743,0.166730936,NaN,0.179036017,0.072764532,0.070864132,0.362405731,0.101697167
03-Oct,0.086698196,0.158016731,NaN,0.187645095,0.071991581,0.072507779,0.375436202,0.101697167
04-Oct,0.083529676,0.163228303,NaN,0.19285501,0.073539942,0.06280673,0.365643685,0.111638579
05-Oct,0.089893879,0.152856597,NaN,0.196346512,0.075098098,0.055028319,0.321510686,0.100477754
06-Oct,0.093116203,0.152856597,NaN,0.19459895,0.083033004,0.045941148,0.343254028,0.118017364
07-Oct,0.0947372,0.131107535,NaN,0.199852431,0.083839476,0.057331598,0.346413067,0.118017364
08-Oct,0.096364672,0.149445419,NaN,0.198097678,0.086272794,0.063600171,0.343254028,0.115450765
09-Oct,0.09555013,0.163228303,NaN,0.185915819,0.08872678,0.063600171,0.346413067,0.112904257
10-Oct,0.09555013,0.168490657,NaN,0.179036017,0.096210461,0.072507779,0.346413067,0.119308157
11-Oct,0.09963881,0.180963449,NaN,0.173915868,0.096210461,0.087759686,0.352770669,0.114174992
12-Oct,0.097180818,0.190035536,NaN,0.17221682,0.089549328,0.09037918,0.355969213,0.114174992
13-Oct,0.093925888,0.204826135,NaN,0.160432939,0.08872678,0.088630459,0.359180904,0.104151609
14-Oct,0.093116203,0.201097159,NaN,0.16714296,0.097053075,0.088630459,0.352770669,0.086258137
15-Oct,0.089893879,0.199240454,NaN,0.170521638,0.089549328,0.09390503,0.336975533,0.071743528
16-Oct,0.091501743,0.190035536,NaN,0.168830345,0.087906502,0.094792352,0.352770669,0.073914438
17-Oct,0.087494591,0.193701704,NaN,0.173915868,0.087088504,0.086891317,0.336975533,0.076108216
18-Oct,0.085110507,0.180963449,NaN,0.175618764,0.084648271,0.082585922,0.352770669,0.072826112
19-Oct,0.087494591,0.175585031,NaN,0.168830345,0.080627619,0.076662463,0.359180904,0.078324668
20-Oct,0.08431923,0.175585031,NaN,0.179036017,0.083033004,0.078342296,0.34010818,0.092089338
21-Oct,0.093116203,0.173803159,NaN,0.18246842,0.081427066,0.061228227,0.336975533,0.104151609
22-Oct,0.086698196,0.175585031,NaN,0.19285501,0.083033004,0.066801512,0.327656902,0.106626751
23-Oct,0.089893879,0.16497681,NaN,0.185915819,0.08545938,0.07582637,0.321510686,0.094459504
24-Oct,0.089893879,0.172026791,NaN,0.168830345,0.083033004,0.073333535,0.31239089,0.082824847
25-Oct,0.088292675,0.173803159,NaN,0.177325487,0.083033004,0.066801512,0.315417537,0.08169145
26-Oct,0.089092441,0.186390619,NaN,0.165459506,0.078243473,0.063600171,0.2974574,0.067788305
27-Oct,0.087494591,0.180963449,NaN,0.163780003,0.072764532,0.080032243,0.300417427,0.066207624
28-Oct,0.08431923,0.175585031,NaN,0.155442532,0.076665969,0.086025363,0.294510731,0.058304577
29-Oct,0.08117144,0.179165198,NaN,0.180750334,0.075880824,0.085161836,0.27711192,0.047741675
30-Oct,0.076502696,0.173803159,NaN,0.160432939,0.068164096,0.086891317,0.288657517,0.051722945
31-Oct,0.071138583,0.16497681,NaN,0.158765422,0.065147495,0.086025363,0.291577433,0.053560897
01-Nov,0.068114662,0.168490657,NaN,0.157101946,0.062912006,0.084300747,0.288657517,0.063189381
02-Nov,0.066614245,0.146057612,NaN,0.157101946,0.060699988,0.078342296,0.288657517,0.066522701
03-Nov,0.066614245,0.136036573,NaN,0.153787205,0.056347748,0.078342296,0.300417427,0.067154445
04-Nov,0.066614245,0.119823269,NaN,0.147207238,0.053500603,0.076662463,0.294510731,0.066943628
05-Nov,0.068867773,0.123015953,NaN,0.147207238,0.057066385,0.074992843,0.291577433,0.065683678
06-Nov,0.070379745,0.123015953,NaN,0.150488905,0.057066385,0.065195356,0.288657517,0.07066671
07-Nov,0.069622804,0.132744435,NaN,0.162104474,0.062912006,0.060443197,0.271419731,0.058907529
08-Nov,0.071138583,0.127852227,NaN,0.145572703,0.061434698,0.062016076,0.265781413,0.062880009
09-Nov,0.071899308,0.129476789,NaN,0.153787205,0.062912006,0.06280673,0.246473006,0.058003927
10-Nov,0.071138583,0.126233879,NaN,0.143942402,0.068164096,0.071684641,0.222626616,0.047461648
11-Nov,0.067363482,0.127852227,NaN,0.139077155,0.064399745,0.070864132,0.222626616,0.039774628
12-Nov,0.064378308,0.124621777,NaN,0.117522499,0.059238518,0.070046267,0.227830221,0.036157277
13-Nov,0.060691728,0.136036573,NaN,0.12946455,0.051394425,0.07582637,0.214924047,0.033484324
14-Nov,0.062160288,0.134387457,NaN,0.132651027,0.051394425,0.06599707,0.222626616,0.035398158
15-Nov,0.057779368,0.127852227,NaN,0.132651027,0.04664756,0.06841852,0.230452549,0.032582426
16-Nov,0.057056517,0.115082149,NaN,0.134250955,0.045836161,0.065195356,0.227830221,0.041806926
17-Nov,0.055617197,0.10885153,NaN,0.135855304,0.037962091,0.062016076,0.238401469,0.038728636
18-Nov,0.052764511,0.102726893,NaN,0.140694602,0.039824154,0.061228227,0.227830221,0.040565593
19-Nov,0.052622798,0.10303057,NaN,0.132651027,0.038025855,0.062016076,0.20734523,0.044785033
20-Nov,0.052764511,0.09805475,NaN,0.135855304,0.042172313,0.063600171,0.233088542,0.050288088
21-Nov,0.05311918,0.10106152,NaN,0.134250955,0.041843784,0.055028319,0.20734523,0.051626842
22-Nov,0.055617197,0.095075592,NaN,0.139077155,0.043826396,0.056560912,0.190144818,0.050573912
23-Nov,0.057779368,0.092271274,NaN,0.135855304,0.042831665,0.045506215,0.151219229,0.044238162
24-Nov,0.059231386,0.09596642,NaN,0.124718723,0.043494062,0.051099279,0.120275794,0.043874907
25-Nov,0.057779368,0.091684134,NaN,0.124718723,0.046376621,0.05888166,0.118327969,0.035650563
26-Nov,0.050087261,0.092565269,NaN,0.121577788,0.042765592,0.053734905,0.105100372,0.032256635
27-Nov,0.048274345,0.101363702,NaN,0.124718723,0.045029029,0.048427393,0.105100372,0.032745757
28-Nov,0.043336887,0.098803867,NaN,0.116436152,0.034815078,0.053431824,0.110681873,0.03456142
29-Nov,0.045995983,0.086739525,NaN,0.12314594,0.030012721,0.05888166,0.122238096,0.027742233
30-Nov,0.038263732,0.088475212,NaN,0.124718723,0.025543053,0.053583305,0.118327969,0.032745757
01-Dec,0.03487955,0.080324311,NaN,0.124718723,0.025373315,0.057331598,0.132266057,0.033484324
02-Dec,0.032833879,0.062528451,NaN,0.124718723,0.02743225,0.045000257,0.130231672,0.034228717
03-Dec,0.036757905,0.05864709,NaN,0.124718723,0.02594042,0.044136587,0.110681873,0.029220146
04-Dec,0.031948031,0.058519012,NaN,0.126296107,0.021726367,0.040168835,0.118327969,0.029613577
05-Dec,0.036367405,0.051114839,NaN,0.121577788,0.023584016,0.039332308,0.110681873,0.038555268
06-Dec,0.03819797,0.050501421,NaN,0.108592684,0.023528733,0.043778107,0.096091229,0.033237486
07-Dec,0.036562534,0.053715454,NaN,0.110273677,0.025543053,0.042210546,0.097863613,0.02945598
08-Dec,0.03558933,0.053965157,NaN,0.108897874,0.023528733,0.03898521,0.092070835,0.024869126
09-Dec,0.039849855,0.058391018,NaN,0.102079534,0.026511251,0.042423363,0.087620499,0.025166289
10-Dec,0.039650773,0.058135285,NaN,0.092121193,0.028421029,0.045361495,0.077095646,0.021051926
11-Dec,0.032770418,0.063576093,NaN,0.091094558,0.025429857,0.041080589,0.08294042,0.018523506
12-Dec,0.027422926,0.066218065,NaN,0.088466932,0.018407809,0.043491911,0.079022279,0.015543742
13-Dec,0.0278498,0.066351014,NaN,0.082835627,0.018768362,0.042068834,0.088468528,0.014428985
14-Dec,0.022657069,0.056101693,NaN,0.084559194,0.020178409,0.049906832,0.074875323,0.015044662
15-Dec,0.020583754,0.055849038,NaN,0.069077487,0.022704162,0.044423957,0.070523547,0.01510673
16-Dec,0.023593157,0.040425899,NaN,0.082262934,0.020020237,0.040729239,0.069911566,0.018657227
17-Dec,0.02335831,0.038832627,NaN,0.091534218,0.017338798,0.031377158,0.074089519,0.019807552
18-Dec,0.027972045,0.038155752,NaN,0.089340829,0.014249757,0.035765021,0.076458252,0.024647078
19-Dec,0.026997592,0.036146888,NaN,0.096254103,0.015453871,0.035832724,0.075348618,0.023765979
20-Dec,0.030942588,0.032443531,NaN,0.094773254,0.015502639,0.029693385,0.073463597,0.027896519
21-Dec,0.025670996,0.037147216,NaN,0.084991365,0.017036896,0.033750691,0.064366228,0.024058413
22-Dec,0.025371678,0.03127159,NaN,0.075183083,0.01688654,0.025970925,0.047831587,0.017466101
23-Dec,0.023593157,0.040655084,NaN,0.067023717,0.016388241,0.022154727,0.048475781,0.014797296
24-Dec,0.02772768,0.042154284,NaN,0.076587211,0.020020237,0.024863406,0.04951465,0.014982684
25-Dec,0.02736207,0.042386382,NaN,0.067433323,0.019391283,0.025538623,0.048217632,0.018657227
26-Dec,0.026211814,0.044610383,NaN,0.065798377,0.020921434,0.023107801,0.04604876,0.016559108
27-Dec,0.024064482,0.041691246,NaN,0.071283842,0.015845293,0.023829903,0.031407387,0.014428985
28-Dec,0.022598857,0.044256946,NaN,0.07225414,0.016042096,0.023890357,0.04184791,0.011547174
29-Dec,0.019846598,0.040425899,NaN,0.066478476,0.013541457,0.026218861,0.050431886,0.010766337
30-Dec,0.019059801,0.04496467,NaN,0.066887311,0.013214631,0.028289125,0.047191322,0.010328919
31-Dec,0.016042893,0.025413608,NaN,0.071699312,0.011393768,0.019478415,0.045922597,0.010656379
